EntryID	term	aspect
A2A5Z6	GO:0006511	P
A2A5Z6	GO:0007039	P
A2A5Z6	GO:0008150	P
A2A5Z6	GO:0008152	P
A2A5Z6	GO:0008589	P
A2A5Z6	GO:0009056	P
A2A5Z6	GO:0009057	P
A2A5Z6	GO:0009966	P
A2A5Z6	GO:0009967	P
A2A5Z6	GO:0009987	P
A2A5Z6	GO:0010646	P
A2A5Z6	GO:0010647	P
A2A5Z6	GO:0019538	P
A2A5Z6	GO:0019941	P
A2A5Z6	GO:0023051	P
A2A5Z6	GO:0023056	P
A2A5Z6	GO:0030163	P
A2A5Z6	GO:0043170	P
A2A5Z6	GO:0043632	P
A2A5Z6	GO:0044238	P
A2A5Z6	GO:0045880	P
A2A5Z6	GO:0048518	P
A2A5Z6	GO:0048522	P
A2A5Z6	GO:0048583	P
A2A5Z6	GO:0048584	P
A2A5Z6	GO:0050789	P
A2A5Z6	GO:0050794	P
A2A5Z6	GO:0065007	P
A2A5Z6	GO:1905146	P
A2ATU0	GO:0003674	F
A2ATU0	GO:0003824	F
A2ATU0	GO:0005575	C
A2ATU0	GO:0005622	C
A2ATU0	GO:0005737	C
A2ATU0	GO:0005739	C
A2ATU0	GO:0005759	C
A2ATU0	GO:0016491	F
A2ATU0	GO:0016624	F
A2ATU0	GO:0016903	F
A2ATU0	GO:0031974	C
A2ATU0	GO:0043226	C
A2ATU0	GO:0043227	C
A2ATU0	GO:0043229	C
A2ATU0	GO:0043231	C
A2ATU0	GO:0043233	C
A2ATU0	GO:0070013	C
A2ATU0	GO:0110165	C
A4Q9F6	GO:0000922	C
A4Q9F6	GO:0005575	C
A4Q9F6	GO:0005622	C
A4Q9F6	GO:0005819	C
A4Q9F6	GO:0005856	C
A4Q9F6	GO:0015630	C
A4Q9F6	GO:0043226	C
A4Q9F6	GO:0043228	C
A4Q9F6	GO:0043229	C
A4Q9F6	GO:0043232	C
A4Q9F6	GO:0110165	C
C0HKM3	GO:0008150	P
C0HKM3	GO:0044419	P
C0HKM3	GO:0044523	P
C0HKM3	GO:0140138	P
C0HKM3	GO:0141060	P
D3Z7P3	GO:0005575	C
D3Z7P3	GO:0005622	C
D3Z7P3	GO:0005737	C
D3Z7P3	GO:0005739	C
D3Z7P3	GO:0005759	C
D3Z7P3	GO:0031974	C
D3Z7P3	GO:0043226	C
D3Z7P3	GO:0043227	C
D3Z7P3	GO:0043229	C
D3Z7P3	GO:0043231	C
D3Z7P3	GO:0043233	C
D3Z7P3	GO:0070013	C
D3Z7P3	GO:0110165	C
F1LMV6	GO:0008150	P
F1LMV6	GO:0032879	P
F1LMV6	GO:0032880	P
F1LMV6	GO:0048518	P
F1LMV6	GO:0050789	P
F1LMV6	GO:0065007	P
F1LMV6	GO:1903829	P
F4KEY9	GO:0003674	F
F4KEY9	GO:0003824	F
F4KEY9	GO:0004596	F
F4KEY9	GO:0006473	P
F4KEY9	GO:0006474	P
F4KEY9	GO:0008080	F
F4KEY9	GO:0008150	P
F4KEY9	GO:0008152	P
F4KEY9	GO:0009058	P
F4KEY9	GO:0009059	P
F4KEY9	GO:0009987	P
F4KEY9	GO:0010467	P
F4KEY9	GO:0016407	F
F4KEY9	GO:0016410	F
F4KEY9	GO:0016740	F
F4KEY9	GO:0016746	F
F4KEY9	GO:0016747	F
F4KEY9	GO:0019538	P
F4KEY9	GO:0031365	P
F4KEY9	GO:0034212	F
F4KEY9	GO:0036211	P
F4KEY9	GO:0043170	P
F4KEY9	GO:0043412	P
F4KEY9	GO:0043543	P
F4KEY9	GO:0044238	P
F4KEY9	GO:0051604	P
F4KEY9	GO:0140096	F
F4KEY9	GO:0140186	F
J3QMY9	GO:0005575	C
J3QMY9	GO:0005622	C
J3QMY9	GO:0005694	C
J3QMY9	GO:0043226	C
J3QMY9	GO:0043228	C
J3QMY9	GO:0043229	C
J3QMY9	GO:0043232	C
J3QMY9	GO:0110165	C
O08585	GO:0003674	F
O08585	GO:0005488	F
O08585	GO:0035650	F
O08585	GO:0035651	F
O08585	GO:0044877	F
O08983	GO:0005575	C
O08983	GO:0005622	C
O08983	GO:0005737	C
O08983	GO:0048471	C
O08983	GO:0110165	C
O13743	GO:0003674	F
O13743	GO:0030674	F
O13743	GO:0060090	F
O13968	GO:0007039	P
O13968	GO:0008150	P
O13968	GO:0008152	P
O13968	GO:0009056	P
O13968	GO:0009057	P
O13968	GO:0009987	P
O13968	GO:0019538	P
O13968	GO:0030163	P
O13968	GO:0043170	P
O13968	GO:0044238	P
O14194	GO:0006575	P
O14194	GO:0006749	P
O14194	GO:0006751	P
O14194	GO:0006790	P
O14194	GO:0008150	P
O14194	GO:0008152	P
O14194	GO:0009056	P
O14194	GO:0009987	P
O14194	GO:0042219	P
O14194	GO:0044273	P
O14251	GO:0003674	F
O14251	GO:0030674	F
O14251	GO:0043495	F
O14251	GO:0060090	F
O14258	GO:0006355	P
O14258	GO:0006357	P
O14258	GO:0008150	P
O14258	GO:0009889	P
O14258	GO:0009891	P
O14258	GO:0009893	P
O14258	GO:0010468	P
O14258	GO:0010556	P
O14258	GO:0010557	P
O14258	GO:0010604	P
O14258	GO:0019219	P
O14258	GO:0019222	P
O14258	GO:0045893	P
O14258	GO:0045944	P
O14258	GO:0048518	P
O14258	GO:0048522	P
O14258	GO:0050789	P
O14258	GO:0050794	P
O14258	GO:0051252	P
O14258	GO:0051254	P
O14258	GO:0060255	P
O14258	GO:0065007	P
O14258	GO:0080090	P
O14258	GO:1902680	P
O14258	GO:2001141	P
O15335	GO:0005575	C
O15335	GO:0005614	C
O15335	GO:0030312	C
O15335	GO:0031012	C
O15335	GO:0071944	C
O15335	GO:0110165	C
O15335	GO:0140150	C
O33599	GO:0005575	C
O33599	GO:0005576	C
O33599	GO:0110165	C
O35344	GO:0005575	C
O35344	GO:0005622	C
O35344	GO:0005737	C
O35344	GO:0005829	C
O35344	GO:0110165	C
O35345	GO:0005575	C
O35345	GO:0005622	C
O35345	GO:0005737	C
O35345	GO:0005829	C
O35345	GO:0110165	C
O35367	GO:0005575	C
O35367	GO:0005614	C
O35367	GO:0030312	C
O35367	GO:0031012	C
O35367	GO:0071944	C
O35367	GO:0110165	C
O35367	GO:0140150	C
O35595	GO:0003674	F
O35595	GO:0004888	F
O35595	GO:0008158	F
O35595	GO:0038023	F
O35595	GO:0060089	F
O42847	GO:0000375	P
O42847	GO:0000377	P
O42847	GO:0000398	P
O42847	GO:0006139	P
O42847	GO:0006396	P
O42847	GO:0006397	P
O42847	GO:0008150	P
O42847	GO:0008152	P
O42847	GO:0008380	P
O42847	GO:0009058	P
O42847	GO:0009059	P
O42847	GO:0009987	P
O42847	GO:0010467	P
O42847	GO:0016070	P
O42847	GO:0016071	P
O42847	GO:0032774	P
O42847	GO:0034654	P
O42847	GO:0043170	P
O42847	GO:0044238	P
O42847	GO:0045292	P
O42847	GO:0090304	P
O42847	GO:0141187	P
O42869	GO:0006810	P
O42869	GO:0006897	P
O42869	GO:0007163	P
O42869	GO:0008104	P
O42869	GO:0008150	P
O42869	GO:0009987	P
O42869	GO:0016192	P
O42869	GO:0030010	P
O42869	GO:0033036	P
O42869	GO:0051179	P
O42869	GO:0051234	P
O42869	GO:0098657	P
O42869	GO:0120207	P
O42869	GO:1990778	P
O49498	GO:0005575	C
O49498	GO:0005622	C
O49498	GO:0005634	C
O49498	GO:0043226	C
O49498	GO:0043227	C
O49498	GO:0043229	C
O49498	GO:0043231	C
O49498	GO:0110165	C
O55111	GO:0003674	F
O55111	GO:0005488	F
O55111	GO:0005515	F
O55111	GO:0042802	F
O55111	GO:0042803	F
O55111	GO:0046983	F
O55226	GO:0005575	C
O55226	GO:0005614	C
O55226	GO:0030312	C
O55226	GO:0031012	C
O55226	GO:0071944	C
O55226	GO:0110165	C
O55226	GO:0140150	C
O59705	GO:0000301	P
O59705	GO:0006810	P
O59705	GO:0006891	P
O59705	GO:0008150	P
O59705	GO:0009987	P
O59705	GO:0016192	P
O59705	GO:0048193	P
O59705	GO:0051179	P
O59705	GO:0051234	P
O59785	GO:0003674	F
O59785	GO:0005215	F
O59785	GO:0005337	F
O59785	GO:0006810	P
O59785	GO:0008150	P
O59785	GO:0009987	P
O59785	GO:0015932	F
O59785	GO:0022857	F
O59785	GO:0051179	P
O59785	GO:0051234	P
O59785	GO:0055085	P
O59785	GO:0071705	P
O59785	GO:0098657	P
O59785	GO:0098739	P
O59785	GO:0160283	F
O59785	GO:0160284	P
O59785	GO:0160286	F
O59785	GO:1901505	F
O60138	GO:0000375	P
O60138	GO:0000377	P
O60138	GO:0000398	P
O60138	GO:0006139	P
O60138	GO:0006396	P
O60138	GO:0006397	P
O60138	GO:0008150	P
O60138	GO:0008152	P
O60138	GO:0008380	P
O60138	GO:0009058	P
O60138	GO:0009059	P
O60138	GO:0009987	P
O60138	GO:0010467	P
O60138	GO:0016070	P
O60138	GO:0016071	P
O60138	GO:0032774	P
O60138	GO:0034654	P
O60138	GO:0043170	P
O60138	GO:0044238	P
O60138	GO:0045292	P
O60138	GO:0090304	P
O60138	GO:0141187	P
O60307	GO:0006468	P
O60307	GO:0006793	P
O60307	GO:0006796	P
O60307	GO:0008150	P
O60307	GO:0008152	P
O60307	GO:0009892	P
O60307	GO:0009987	P
O60307	GO:0010563	P
O60307	GO:0010921	P
O60307	GO:0010923	P
O60307	GO:0016310	P
O60307	GO:0019222	P
O60307	GO:0019538	P
O60307	GO:0035303	P
O60307	GO:0035305	P
O60307	GO:0036211	P
O60307	GO:0043086	P
O60307	GO:0043170	P
O60307	GO:0043412	P
O60307	GO:0044092	P
O60307	GO:0044238	P
O60307	GO:0045936	P
O60307	GO:0048519	P
O60307	GO:0048523	P
O60307	GO:0050789	P
O60307	GO:0050790	P
O60307	GO:0050794	P
O60307	GO:0051174	P
O60307	GO:0051336	P
O60307	GO:0051346	P
O60307	GO:0065007	P
O60307	GO:0065009	P
O60393	GO:0005575	C
O60393	GO:0005622	C
O60393	GO:0005634	C
O60393	GO:0043226	C
O60393	GO:0043227	C
O60393	GO:0043229	C
O60393	GO:0043231	C
O60393	GO:0110165	C
O64763	GO:0005575	C
O64763	GO:0005622	C
O64763	GO:0005737	C
O64763	GO:0005783	C
O64763	GO:0012505	C
O64763	GO:0043226	C
O64763	GO:0043227	C
O64763	GO:0043229	C
O64763	GO:0043231	C
O64763	GO:0110165	C
O70480	GO:0003674	F
O70480	GO:0005484	F
O70480	GO:0030674	F
O70480	GO:0060090	F
O70480	GO:0140522	F
O74314	GO:0000096	P
O74314	GO:0000097	P
O74314	GO:0006082	P
O74314	GO:0006520	P
O74314	GO:0006534	P
O74314	GO:0006790	P
O74314	GO:0008150	P
O74314	GO:0008152	P
O74314	GO:0008652	P
O74314	GO:0009058	P
O74314	GO:0009070	P
O74314	GO:0009987	P
O74314	GO:0016053	P
O74314	GO:0019344	P
O74314	GO:0019752	P
O74314	GO:0043436	P
O74314	GO:0044238	P
O74314	GO:0044272	P
O74314	GO:0044281	P
O74314	GO:0044283	P
O74314	GO:0046394	P
O74314	GO:0046439	P
O74314	GO:0170033	P
O74314	GO:0170034	P
O74314	GO:0170038	P
O74314	GO:0170039	P
O74314	GO:1901605	P
O74314	GO:1901607	P
O74849	GO:0006810	P
O74849	GO:0008150	P
O74849	GO:0008643	P
O74849	GO:0009987	P
O74849	GO:0034219	P
O74849	GO:0051179	P
O74849	GO:0051234	P
O74849	GO:0055085	P
O74851	GO:0000272	P
O74851	GO:0005975	P
O74851	GO:0005976	P
O74851	GO:0008150	P
O74851	GO:0008152	P
O74851	GO:0009056	P
O74851	GO:0009057	P
O74851	GO:0009987	P
O74851	GO:0010383	P
O74851	GO:0016052	P
O74851	GO:0016998	P
O74851	GO:0043170	P
O74851	GO:0044036	P
O74851	GO:0044238	P
O74851	GO:0044347	P
O74851	GO:0071554	P
O74914	GO:0006081	P
O74914	GO:0008150	P
O74914	GO:0008152	P
O74914	GO:0009056	P
O74914	GO:0009438	P
O74914	GO:0009636	P
O74914	GO:0009987	P
O74914	GO:0042180	P
O74914	GO:0042182	P
O74914	GO:0042221	P
O74914	GO:0044281	P
O74914	GO:0044282	P
O74914	GO:0046185	P
O74914	GO:0050896	P
O74914	GO:0051595	P
O74914	GO:0051596	P
O74914	GO:0051716	P
O74914	GO:0070887	P
O74914	GO:0097237	P
O74914	GO:0097238	P
O74914	GO:0098754	P
O74914	GO:0110095	P
O74914	GO:0110096	P
O74914	GO:0140041	P
O74914	GO:1901654	P
O74914	GO:1901655	P
O74914	GO:1901700	P
O74914	GO:1901701	P
O74914	GO:1990748	P
O75558	GO:0001772	C
O75558	GO:0005575	C
O75558	GO:0005622	C
O75558	GO:0005737	C
O75558	GO:0005768	C
O75558	GO:0005770	C
O75558	GO:0005794	C
O75558	GO:0005802	C
O75558	GO:0005886	C
O75558	GO:0010008	C
O75558	GO:0012505	C
O75558	GO:0012506	C
O75558	GO:0016020	C
O75558	GO:0030659	C
O75558	GO:0031090	C
O75558	GO:0031201	C
O75558	GO:0031410	C
O75558	GO:0031902	C
O75558	GO:0031982	C
O75558	GO:0031984	C
O75558	GO:0032588	C
O75558	GO:0032991	C
O75558	GO:0043226	C
O75558	GO:0043227	C
O75558	GO:0043229	C
O75558	GO:0043231	C
O75558	GO:0055037	C
O75558	GO:0055038	C
O75558	GO:0071944	C
O75558	GO:0097708	C
O75558	GO:0098588	C
O75558	GO:0098791	C
O75558	GO:0098796	C
O75558	GO:0110165	C
O75808	GO:0007155	P
O75808	GO:0008150	P
O75808	GO:0009987	P
O82253	GO:0005575	C
O82253	GO:0005622	C
O82253	GO:0005737	C
O82253	GO:0005783	C
O82253	GO:0005886	C
O82253	GO:0012505	C
O82253	GO:0016020	C
O82253	GO:0043226	C
O82253	GO:0043227	C
O82253	GO:0043229	C
O82253	GO:0043231	C
O82253	GO:0071944	C
O82253	GO:0110165	C
O88324	GO:0003674	F
O88324	GO:0004857	F
O88324	GO:0030234	F
O88324	GO:0055105	F
O88324	GO:0055106	F
O88324	GO:0098772	F
O88324	GO:0140678	F
O88324	GO:1990948	F
O88342	GO:0000513	F
O88342	GO:0003674	F
O88342	GO:0098772	F
O88342	GO:0140677	F
O88413	GO:0003674	F
O88413	GO:0005488	F
O88413	GO:0005496	F
O88413	GO:0008289	F
O88413	GO:0030674	F
O88413	GO:0031406	F
O88413	GO:0032052	F
O88413	GO:0033293	F
O88413	GO:0036094	F
O88413	GO:0043167	F
O88413	GO:0043168	F
O88413	GO:0043177	F
O88413	GO:0060090	F
O88413	GO:1902121	F
O94250	GO:0006081	P
O94250	GO:0008150	P
O94250	GO:0008152	P
O94250	GO:0009056	P
O94250	GO:0009438	P
O94250	GO:0009636	P
O94250	GO:0009987	P
O94250	GO:0042180	P
O94250	GO:0042182	P
O94250	GO:0042221	P
O94250	GO:0044281	P
O94250	GO:0044282	P
O94250	GO:0046185	P
O94250	GO:0050896	P
O94250	GO:0051595	P
O94250	GO:0051596	P
O94250	GO:0051716	P
O94250	GO:0070887	P
O94250	GO:0097237	P
O94250	GO:0097238	P
O94250	GO:0098754	P
O94250	GO:0110095	P
O94250	GO:0110096	P
O94250	GO:0140041	P
O94250	GO:1901654	P
O94250	GO:1901655	P
O94250	GO:1901700	P
O94250	GO:1901701	P
O94250	GO:1990748	P
O95848	GO:0006487	P
O95848	GO:0008150	P
O95848	GO:0008152	P
O95848	GO:0009058	P
O95848	GO:0009059	P
O95848	GO:0009100	P
O95848	GO:0009101	P
O95848	GO:0009987	P
O95848	GO:0019538	P
O95848	GO:0043170	P
O95848	GO:0044238	P
O95848	GO:1901135	P
O95848	GO:1901137	P
P04176	GO:0005575	C
P04176	GO:0005622	C
P04176	GO:0005737	C
P04176	GO:0005829	C
P04176	GO:0110165	C
P04973	GO:0008150	P
P04973	GO:0009987	P
P04973	GO:0016043	P
P04973	GO:0022607	P
P04973	GO:0043933	P
P04973	GO:0044085	P
P04973	GO:0048268	P
P04973	GO:0065003	P
P04973	GO:0071840	P
P05031	GO:0005575	C
P05031	GO:0005622	C
P05031	GO:0005737	C
P05031	GO:0005829	C
P05031	GO:0110165	C
P08090	GO:0005575	C
P08090	GO:0005622	C
P08090	GO:0005634	C
P08090	GO:0043226	C
P08090	GO:0043227	C
P08090	GO:0043229	C
P08090	GO:0043231	C
P08090	GO:0110165	C
P09331	GO:0003674	F
P09331	GO:0003824	F
P09331	GO:0008233	F
P09331	GO:0008236	F
P09331	GO:0016787	F
P09331	GO:0017171	F
P09331	GO:0140096	F
P0AB28	GO:0008150	P
P0AB28	GO:0009987	P
P0AB28	GO:0022613	P
P0AB28	GO:0042254	P
P0AB28	GO:0044085	P
P0AB28	GO:0071840	P
P0AFJ1	GO:0003674	F
P0AFJ1	GO:0003824	F
P0AFJ1	GO:0016787	F
P0AFJ1	GO:0016827	F
P0AFJ1	GO:0047400	F
P0AFR4	GO:0003674	F
P0AFR4	GO:0003824	F
P0AFR4	GO:0016740	F
P0AFR4	GO:0016772	F
P0AFR4	GO:0016779	F
P0AFR4	GO:0061710	F
P11117	GO:0008150	P
P11117	GO:0043903	P
P11117	GO:0046596	P
P11117	GO:0050789	P
P11117	GO:0050792	P
P11117	GO:0052372	P
P11117	GO:0065007	P
P11117	GO:1903900	P
P11541	GO:0003674	F
P11541	GO:0003824	F
P11541	GO:0004112	F
P11541	GO:0004114	F
P11541	GO:0005488	F
P11541	GO:0005515	F
P11541	GO:0008081	F
P11541	GO:0016787	F
P11541	GO:0016788	F
P11541	GO:0042578	F
P11541	GO:0047555	F
P11678	GO:0002376	P
P11678	GO:0006950	P
P11678	GO:0006952	P
P11678	GO:0006954	P
P11678	GO:0006955	P
P11678	GO:0008150	P
P11678	GO:0009605	P
P11678	GO:0009607	P
P11678	GO:0009617	P
P11678	GO:0042742	P
P11678	GO:0043207	P
P11678	GO:0044419	P
P11678	GO:0045087	P
P11678	GO:0050896	P
P11678	GO:0051707	P
P11678	GO:0098542	P
P11678	GO:0140367	P
P11678	GO:0140546	P
P16290	GO:0005575	C
P16290	GO:0005622	C
P16290	GO:0005634	C
P16290	GO:0005737	C
P16290	GO:0043226	C
P16290	GO:0043227	C
P16290	GO:0043229	C
P16290	GO:0043231	C
P16290	GO:0110165	C
P16290	GO:1990917	C
P16499	GO:0003674	F
P16499	GO:0003824	F
P16499	GO:0004112	F
P16499	GO:0004114	F
P16499	GO:0008081	F
P16499	GO:0016787	F
P16499	GO:0016788	F
P16499	GO:0042578	F
P16499	GO:0047555	F
P17030	GO:0001503	P
P17030	GO:0001649	P
P17030	GO:0005575	C
P17030	GO:0005622	C
P17030	GO:0005634	C
P17030	GO:0008150	P
P17030	GO:0009987	P
P17030	GO:0030154	P
P17030	GO:0032501	P
P17030	GO:0032502	P
P17030	GO:0043226	C
P17030	GO:0043227	C
P17030	GO:0043229	C
P17030	GO:0043231	C
P17030	GO:0048869	P
P17030	GO:0110165	C
P20382	GO:0003674	F
P20382	GO:0005179	F
P20382	GO:0007154	P
P20382	GO:0007165	P
P20382	GO:0007186	P
P20382	GO:0008150	P
P20382	GO:0009987	P
P20382	GO:0023052	P
P20382	GO:0030354	F
P20382	GO:0030545	F
P20382	GO:0030546	F
P20382	GO:0048018	F
P20382	GO:0050789	P
P20382	GO:0050794	P
P20382	GO:0050896	P
P20382	GO:0051716	P
P20382	GO:0065007	P
P20382	GO:0098772	F
P20382	GO:0140677	F
P20411	GO:0001817	P
P20411	GO:0001819	P
P20411	GO:0002682	P
P20411	GO:0002684	P
P20411	GO:0006810	P
P20411	GO:0006897	P
P20411	GO:0006898	P
P20411	GO:0008104	P
P20411	GO:0008150	P
P20411	GO:0009889	P
P20411	GO:0009891	P
P20411	GO:0009893	P
P20411	GO:0009966	P
P20411	GO:0009967	P
P20411	GO:0009987	P
P20411	GO:0010468	P
P20411	GO:0010556	P
P20411	GO:0010557	P
P20411	GO:0010604	P
P20411	GO:0010628	P
P20411	GO:0010646	P
P20411	GO:0010647	P
P20411	GO:0016192	P
P20411	GO:0019222	P
P20411	GO:0023051	P
P20411	GO:0023056	P
P20411	GO:0032663	P
P20411	GO:0032680	P
P20411	GO:0032743	P
P20411	GO:0032879	P
P20411	GO:0032880	P
P20411	GO:0033036	P
P20411	GO:0048518	P
P20411	GO:0048522	P
P20411	GO:0048583	P
P20411	GO:0048584	P
P20411	GO:0050776	P
P20411	GO:0050778	P
P20411	GO:0050789	P
P20411	GO:0050794	P
P20411	GO:0050854	P
P20411	GO:0050856	P
P20411	GO:0050857	P
P20411	GO:0050862	P
P20411	GO:0051179	P
P20411	GO:0051234	P
P20411	GO:0051239	P
P20411	GO:0051240	P
P20411	GO:0051641	P
P20411	GO:0051668	P
P20411	GO:0060255	P
P20411	GO:0065007	P
P20411	GO:0072657	P
P20411	GO:0072659	P
P20411	GO:0098657	P
P20411	GO:0160006	P
P20411	GO:1903555	P
P20411	GO:1903829	P
P20411	GO:1990778	P
P20411	GO:2000008	P
P20411	GO:2000010	P
P23439	GO:0003674	F
P23439	GO:0003824	F
P23439	GO:0004112	F
P23439	GO:0004114	F
P23439	GO:0005488	F
P23439	GO:0005515	F
P23439	GO:0008081	F
P23439	GO:0016787	F
P23439	GO:0016788	F
P23439	GO:0042578	F
P23439	GO:0047555	F
P25113	GO:0005575	C
P25113	GO:0005622	C
P25113	GO:0005634	C
P25113	GO:0005737	C
P25113	GO:0005783	C
P25113	GO:0005791	C
P25113	GO:0012505	C
P25113	GO:0031984	C
P25113	GO:0036477	C
P25113	GO:0043025	C
P25113	GO:0043226	C
P25113	GO:0043227	C
P25113	GO:0043229	C
P25113	GO:0043231	C
P25113	GO:0044297	C
P25113	GO:0071781	C
P25113	GO:0098827	C
P25113	GO:0110165	C
P25113	GO:0120083	C
P25113	GO:1990917	C
P25318	GO:0005575	C
P25318	GO:0005581	C
P25318	GO:0005591	C
P25318	GO:0005604	C
P25318	GO:0005614	C
P25318	GO:0030312	C
P25318	GO:0031012	C
P25318	GO:0032991	C
P25318	GO:0071944	C
P25318	GO:0071953	C
P25318	GO:0098642	C
P25318	GO:0098644	C
P25318	GO:0098645	C
P25318	GO:0099080	C
P25318	GO:0099081	C
P25318	GO:0099512	C
P25318	GO:0110165	C
P25318	GO:0140139	C
P25318	GO:0140143	C
P25318	GO:0140149	C
P25318	GO:0140151	C
P25318	GO:0140155	C
P25332	GO:0003674	F
P25332	GO:0003824	F
P25332	GO:0004747	F
P25332	GO:0005975	P
P25332	GO:0005996	P
P25332	GO:0006014	P
P25332	GO:0008150	P
P25332	GO:0008152	P
P25332	GO:0009056	P
P25332	GO:0009987	P
P25332	GO:0016052	P
P25332	GO:0016301	F
P25332	GO:0016740	F
P25332	GO:0016772	F
P25332	GO:0016773	F
P25332	GO:0019200	F
P25332	GO:0019303	P
P25332	GO:0019321	P
P25332	GO:0019323	P
P25332	GO:0044238	P
P25332	GO:0044281	P
P25332	GO:0044282	P
P25332	GO:0046365	P
P29758	GO:0003674	F
P29758	GO:0003824	F
P29758	GO:0004587	F
P29758	GO:0006082	P
P29758	GO:0006520	P
P29758	GO:0006536	P
P29758	GO:0006538	P
P29758	GO:0006541	P
P29758	GO:0006543	P
P29758	GO:0008150	P
P29758	GO:0008152	P
P29758	GO:0008483	F
P29758	GO:0009056	P
P29758	GO:0009063	P
P29758	GO:0009987	P
P29758	GO:0016054	P
P29758	GO:0016740	F
P29758	GO:0016769	F
P29758	GO:0019752	P
P29758	GO:0043436	P
P29758	GO:0043648	P
P29758	GO:0043649	P
P29758	GO:0044238	P
P29758	GO:0044281	P
P29758	GO:0044282	P
P29758	GO:0046395	P
P29758	GO:0170033	P
P29758	GO:0170035	P
P29758	GO:0170039	P
P29758	GO:0170040	P
P29758	GO:1901605	P
P29758	GO:1901606	P
P29846	GO:0008150	P
P29846	GO:0035821	P
P29846	GO:0039653	P
P29846	GO:0039656	P
P29846	GO:0044003	P
P29846	GO:0044068	P
P29846	GO:0044403	P
P29846	GO:0044419	P
P29846	GO:0051701	P
P29846	GO:0052026	P
P30613	GO:0005975	P
P30613	GO:0005996	P
P30613	GO:0006006	P
P30613	GO:0006007	P
P30613	GO:0006082	P
P30613	GO:0006090	P
P30613	GO:0006091	P
P30613	GO:0006096	P
P30613	GO:0006139	P
P30613	GO:0006163	P
P30613	GO:0006195	P
P30613	GO:0006753	P
P30613	GO:0006793	P
P30613	GO:0006796	P
P30613	GO:0008150	P
P30613	GO:0008152	P
P30613	GO:0009056	P
P30613	GO:0009058	P
P30613	GO:0009060	P
P30613	GO:0009117	P
P30613	GO:0009132	P
P30613	GO:0009134	P
P30613	GO:0009135	P
P30613	GO:0009137	P
P30613	GO:0009141	P
P30613	GO:0009144	P
P30613	GO:0009150	P
P30613	GO:0009154	P
P30613	GO:0009166	P
P30613	GO:0009179	P
P30613	GO:0009181	P
P30613	GO:0009185	P
P30613	GO:0009191	P
P30613	GO:0009205	P
P30613	GO:0009259	P
P30613	GO:0009261	P
P30613	GO:0009987	P
P30613	GO:0015980	P
P30613	GO:0016052	P
P30613	GO:0016053	P
P30613	GO:0019318	P
P30613	GO:0019320	P
P30613	GO:0019364	P
P30613	GO:0019637	P
P30613	GO:0019693	P
P30613	GO:0019752	P
P30613	GO:0032787	P
P30613	GO:0034655	P
P30613	GO:0042866	P
P30613	GO:0043436	P
P30613	GO:0044238	P
P30613	GO:0044281	P
P30613	GO:0044282	P
P30613	GO:0044283	P
P30613	GO:0045333	P
P30613	GO:0046031	P
P30613	GO:0046032	P
P30613	GO:0046034	P
P30613	GO:0046365	P
P30613	GO:0046394	P
P30613	GO:0046434	P
P30613	GO:0046496	P
P30613	GO:0055086	P
P30613	GO:0061615	P
P30613	GO:0061620	P
P30613	GO:0061621	P
P30613	GO:0061718	P
P30613	GO:0072330	P
P30613	GO:0072521	P
P30613	GO:0072523	P
P30613	GO:0072524	P
P30613	GO:0072526	P
P30613	GO:1901135	P
P30613	GO:1901136	P
P30613	GO:1901292	P
P30837	GO:0001758	F
P30837	GO:0003674	F
P30837	GO:0003824	F
P30837	GO:0004029	F
P30837	GO:0004030	F
P30837	GO:0016491	F
P30837	GO:0016620	F
P30837	GO:0016661	F
P30837	GO:0016903	F
P30837	GO:0018479	F
P30837	GO:0046857	F
P30837	GO:0140087	F
P32843	GO:0006996	P
P32843	GO:0007005	P
P32843	GO:0008150	P
P32843	GO:0009987	P
P32843	GO:0016043	P
P32843	GO:0071840	P
P34681	GO:0005575	C
P34681	GO:0005622	C
P34681	GO:0005737	C
P34681	GO:0048471	C
P34681	GO:0110165	C
P35454	GO:0003674	F
P35454	GO:0005179	F
P35454	GO:0005184	F
P35454	GO:0005185	F
P35454	GO:0030545	F
P35454	GO:0030546	F
P35454	GO:0048018	F
P35454	GO:0098772	F
P35454	GO:0140677	F
P35454	GO:0160041	F
P35913	GO:0003674	F
P35913	GO:0003824	F
P35913	GO:0004112	F
P35913	GO:0004114	F
P35913	GO:0008081	F
P35913	GO:0016787	F
P35913	GO:0016788	F
P35913	GO:0042578	F
P35913	GO:0047555	F
P36537	GO:0003674	F
P36537	GO:0003824	F
P36537	GO:0008194	F
P36537	GO:0015020	F
P36537	GO:0016740	F
P36537	GO:0016757	F
P36537	GO:0016758	F
P38289	GO:0006996	P
P38289	GO:0007005	P
P38289	GO:0008150	P
P38289	GO:0009987	P
P38289	GO:0016043	P
P38289	GO:0071840	P
P39428	GO:0008150	P
P39428	GO:0009966	P
P39428	GO:0009967	P
P39428	GO:0009968	P
P39428	GO:0010646	P
P39428	GO:0010647	P
P39428	GO:0010648	P
P39428	GO:0023051	P
P39428	GO:0023056	P
P39428	GO:0023057	P
P39428	GO:0043122	P
P39428	GO:0043123	P
P39428	GO:0048518	P
P39428	GO:0048519	P
P39428	GO:0048522	P
P39428	GO:0048523	P
P39428	GO:0048583	P
P39428	GO:0048584	P
P39428	GO:0048585	P
P39428	GO:0050789	P
P39428	GO:0050794	P
P39428	GO:0065007	P
P39428	GO:1901222	P
P39428	GO:1901223	P
P39428	GO:1902531	P
P39428	GO:1902532	P
P39428	GO:1902533	P
P39662	GO:0008150	P
P39662	GO:0008152	P
P39662	GO:0009056	P
P39662	GO:0009636	P
P39662	GO:0009987	P
P39662	GO:0042221	P
P39662	GO:0046209	P
P39662	GO:0046210	P
P39662	GO:0050896	P
P39662	GO:0051716	P
P39662	GO:0070887	P
P39662	GO:0097237	P
P39662	GO:0098754	P
P39662	GO:0098869	P
P39662	GO:1990748	P
P39662	GO:2001057	P
P39878	GO:0006629	P
P39878	GO:0006644	P
P39878	GO:0006793	P
P39878	GO:0006796	P
P39878	GO:0008150	P
P39878	GO:0008152	P
P39878	GO:0009056	P
P39878	GO:0009395	P
P39878	GO:0009987	P
P39878	GO:0016042	P
P39878	GO:0019637	P
P39878	GO:0044238	P
P39878	GO:0046434	P
P40098	GO:0003674	F
P40098	GO:0005488	F
P40098	GO:0005515	F
P40098	GO:0006996	P
P40098	GO:0007005	P
P40098	GO:0008150	P
P40098	GO:0009987	P
P40098	GO:0016043	P
P40098	GO:0017004	P
P40098	GO:0017062	P
P40098	GO:0022607	P
P40098	GO:0033108	P
P40098	GO:0034551	P
P40098	GO:0043933	P
P40098	GO:0044085	P
P40098	GO:0051082	F
P40098	GO:0065003	P
P40098	GO:0071840	P
P41902	GO:0005575	C
P41902	GO:0005622	C
P41902	GO:0005737	C
P41902	GO:0110165	C
P42770	GO:0006575	P
P42770	GO:0006749	P
P42770	GO:0006790	P
P42770	GO:0008150	P
P42770	GO:0008152	P
P42770	GO:0009987	P
P43623	GO:0005575	C
P43623	GO:0005622	C
P43623	GO:0005737	C
P43623	GO:0110165	C
P48015	GO:0003674	F
P48015	GO:0003824	F
P48015	GO:0004047	F
P48015	GO:0016740	F
P48015	GO:0016741	F
P48015	GO:0016742	F
P48776	GO:0003674	F
P48776	GO:0003824	F
P48776	GO:0004833	F
P48776	GO:0006082	P
P48776	GO:0006520	P
P48776	GO:0006568	P
P48776	GO:0006569	P
P48776	GO:0008150	P
P48776	GO:0008152	P
P48776	GO:0009056	P
P48776	GO:0009063	P
P48776	GO:0009072	P
P48776	GO:0009074	P
P48776	GO:0009987	P
P48776	GO:0016054	P
P48776	GO:0016491	F
P48776	GO:0016701	F
P48776	GO:0016702	F
P48776	GO:0019752	P
P48776	GO:0042430	P
P48776	GO:0042436	P
P48776	GO:0043436	P
P48776	GO:0044238	P
P48776	GO:0044281	P
P48776	GO:0044282	P
P48776	GO:0046395	P
P48776	GO:0051213	F
P48776	GO:0170033	P
P48776	GO:0170035	P
P48776	GO:0170039	P
P48776	GO:0170040	P
P48776	GO:1901605	P
P48776	GO:1901606	P
P50569	GO:0005575	C
P50569	GO:0005622	C
P50569	GO:0005634	C
P50569	GO:0043226	C
P50569	GO:0043227	C
P50569	GO:0043229	C
P50569	GO:0043231	C
P50569	GO:0110165	C
P51661	GO:0003674	F
P51661	GO:0003824	F
P51661	GO:0016229	F
P51661	GO:0016491	F
P51661	GO:0016614	F
P51661	GO:0016616	F
P51661	GO:0033764	F
P51661	GO:0047022	F
P51825	GO:0006139	P
P51825	GO:0006351	P
P51825	GO:0006354	P
P51825	GO:0008150	P
P51825	GO:0008152	P
P51825	GO:0009058	P
P51825	GO:0009059	P
P51825	GO:0009987	P
P51825	GO:0010467	P
P51825	GO:0016070	P
P51825	GO:0032774	P
P51825	GO:0034654	P
P51825	GO:0043170	P
P51825	GO:0044238	P
P51825	GO:0090304	P
P51825	GO:0141187	P
P52489	GO:0005975	P
P52489	GO:0006082	P
P52489	GO:0006090	P
P52489	GO:0006091	P
P52489	GO:0006096	P
P52489	GO:0006139	P
P52489	GO:0006163	P
P52489	GO:0006195	P
P52489	GO:0006753	P
P52489	GO:0006793	P
P52489	GO:0006796	P
P52489	GO:0008150	P
P52489	GO:0008152	P
P52489	GO:0009056	P
P52489	GO:0009060	P
P52489	GO:0009117	P
P52489	GO:0009132	P
P52489	GO:0009134	P
P52489	GO:0009135	P
P52489	GO:0009137	P
P52489	GO:0009141	P
P52489	GO:0009144	P
P52489	GO:0009150	P
P52489	GO:0009154	P
P52489	GO:0009166	P
P52489	GO:0009179	P
P52489	GO:0009181	P
P52489	GO:0009185	P
P52489	GO:0009191	P
P52489	GO:0009205	P
P52489	GO:0009259	P
P52489	GO:0009261	P
P52489	GO:0009987	P
P52489	GO:0015980	P
P52489	GO:0016052	P
P52489	GO:0019364	P
P52489	GO:0019637	P
P52489	GO:0019693	P
P52489	GO:0019752	P
P52489	GO:0032787	P
P52489	GO:0034655	P
P52489	GO:0043436	P
P52489	GO:0044238	P
P52489	GO:0044281	P
P52489	GO:0045333	P
P52489	GO:0046031	P
P52489	GO:0046032	P
P52489	GO:0046034	P
P52489	GO:0046434	P
P52489	GO:0046496	P
P52489	GO:0055086	P
P52489	GO:0072521	P
P52489	GO:0072523	P
P52489	GO:0072524	P
P52489	GO:0072526	P
P52489	GO:1901135	P
P52489	GO:1901136	P
P52489	GO:1901292	P
P52873	GO:0005575	C
P52873	GO:0032991	C
P53966	GO:0006493	P
P53966	GO:0008150	P
P53966	GO:0008152	P
P53966	GO:0009058	P
P53966	GO:0009059	P
P53966	GO:0009100	P
P53966	GO:0009101	P
P53966	GO:0009987	P
P53966	GO:0019538	P
P53966	GO:0035269	P
P53966	GO:0043170	P
P53966	GO:0044238	P
P53966	GO:1901135	P
P53966	GO:1901137	P
P62914	GO:0006355	P
P62914	GO:0008150	P
P62914	GO:0009889	P
P62914	GO:0009890	P
P62914	GO:0009892	P
P62914	GO:0010468	P
P62914	GO:0010556	P
P62914	GO:0010558	P
P62914	GO:0010605	P
P62914	GO:0019219	P
P62914	GO:0019222	P
P62914	GO:0045892	P
P62914	GO:0045934	P
P62914	GO:0048519	P
P62914	GO:0048523	P
P62914	GO:0050789	P
P62914	GO:0050794	P
P62914	GO:0051252	P
P62914	GO:0051253	P
P62914	GO:0060255	P
P62914	GO:0065007	P
P62914	GO:0080090	P
P62914	GO:1902679	P
P62914	GO:2001141	P
P63034	GO:0000902	P
P63034	GO:0006996	P
P63034	GO:0007032	P
P63034	GO:0007275	P
P63034	GO:0007399	P
P63034	GO:0008150	P
P63034	GO:0009653	P
P63034	GO:0009987	P
P63034	GO:0010256	P
P63034	GO:0016043	P
P63034	GO:0016050	P
P63034	GO:0016358	P
P63034	GO:0022008	P
P63034	GO:0030030	P
P63034	GO:0030154	P
P63034	GO:0030182	P
P63034	GO:0031175	P
P63034	GO:0032501	P
P63034	GO:0032502	P
P63034	GO:0048468	P
P63034	GO:0048666	P
P63034	GO:0048667	P
P63034	GO:0048699	P
P63034	GO:0048731	P
P63034	GO:0048812	P
P63034	GO:0048813	P
P63034	GO:0048856	P
P63034	GO:0048858	P
P63034	GO:0048869	P
P63034	GO:0071840	P
P63034	GO:0120036	P
P63034	GO:0120039	P
P70597	GO:0008150	P
P70597	GO:0032879	P
P70597	GO:0048519	P
P70597	GO:0050789	P
P70597	GO:0050878	P
P70597	GO:0051046	P
P70597	GO:0051048	P
P70597	GO:0051049	P
P70597	GO:0051051	P
P70597	GO:0051239	P
P70597	GO:0051241	P
P70597	GO:0065007	P
P70597	GO:0065008	P
P70597	GO:0070255	P
P70597	GO:0070256	P
P70708	GO:0006082	P
P70708	GO:0006520	P
P70708	GO:0006525	P
P70708	GO:0006527	P
P70708	GO:0008150	P
P70708	GO:0008152	P
P70708	GO:0009056	P
P70708	GO:0009063	P
P70708	GO:0009987	P
P70708	GO:0016054	P
P70708	GO:0019752	P
P70708	GO:0043436	P
P70708	GO:0044238	P
P70708	GO:0044281	P
P70708	GO:0044282	P
P70708	GO:0046395	P
P70708	GO:0170033	P
P70708	GO:0170035	P
P70708	GO:0170039	P
P70708	GO:0170040	P
P70708	GO:1901605	P
P70708	GO:1901606	P
P77215	GO:0006091	P
P77215	GO:0008150	P
P77215	GO:0008152	P
P77215	GO:0009987	P
P82987	GO:0005575	C
P82987	GO:0005614	C
P82987	GO:0030312	C
P82987	GO:0031012	C
P82987	GO:0071944	C
P82987	GO:0071953	C
P82987	GO:0099080	C
P82987	GO:0099081	C
P82987	GO:0099512	C
P82987	GO:0110165	C
P82987	GO:0140149	C
P82987	GO:0140151	C
P86687	GO:0008150	P
P86687	GO:0044419	P
P86687	GO:0044523	P
P86687	GO:0140138	P
P86687	GO:0141060	P
P87234	GO:0003674	F
P87234	GO:0005096	F
P87234	GO:0008047	F
P87234	GO:0030234	F
P87234	GO:0030695	F
P87234	GO:0060589	F
P87234	GO:0098772	F
P87234	GO:0140677	F
P97609	GO:0006355	P
P97609	GO:0008150	P
P97609	GO:0009889	P
P97609	GO:0009890	P
P97609	GO:0009892	P
P97609	GO:0010468	P
P97609	GO:0010556	P
P97609	GO:0010558	P
P97609	GO:0010605	P
P97609	GO:0019219	P
P97609	GO:0019222	P
P97609	GO:0045892	P
P97609	GO:0045934	P
P97609	GO:0048519	P
P97609	GO:0048523	P
P97609	GO:0050789	P
P97609	GO:0050794	P
P97609	GO:0051252	P
P97609	GO:0051253	P
P97609	GO:0060255	P
P97609	GO:0065007	P
P97609	GO:0080090	P
P97609	GO:1902679	P
P97609	GO:2001141	P
P97926	GO:0001653	F
P97926	GO:0003674	F
P97926	GO:0004888	F
P97926	GO:0004930	F
P97926	GO:0004990	F
P97926	GO:0008528	F
P97926	GO:0038023	F
P97926	GO:0060089	F
Q00LT2	GO:0001654	P
Q00LT2	GO:0002376	P
Q00LT2	GO:0003407	P
Q00LT2	GO:0006810	P
Q00LT2	GO:0006897	P
Q00LT2	GO:0006909	P
Q00LT2	GO:0006996	P
Q00LT2	GO:0007275	P
Q00LT2	GO:0007399	P
Q00LT2	GO:0007423	P
Q00LT2	GO:0008150	P
Q00LT2	GO:0008347	P
Q00LT2	GO:0009987	P
Q00LT2	GO:0016043	P
Q00LT2	GO:0016050	P
Q00LT2	GO:0016192	P
Q00LT2	GO:0016477	P
Q00LT2	GO:0022008	P
Q00LT2	GO:0030154	P
Q00LT2	GO:0030182	P
Q00LT2	GO:0032501	P
Q00LT2	GO:0032502	P
Q00LT2	GO:0035845	P
Q00LT2	GO:0042063	P
Q00LT2	GO:0042461	P
Q00LT2	GO:0043010	P
Q00LT2	GO:0046530	P
Q00LT2	GO:0048468	P
Q00LT2	GO:0048513	P
Q00LT2	GO:0048666	P
Q00LT2	GO:0048699	P
Q00LT2	GO:0048731	P
Q00LT2	GO:0048856	P
Q00LT2	GO:0048869	P
Q00LT2	GO:0048870	P
Q00LT2	GO:0048880	P
Q00LT2	GO:0050900	P
Q00LT2	GO:0051179	P
Q00LT2	GO:0051234	P
Q00LT2	GO:0060041	P
Q00LT2	GO:0071674	P
Q00LT2	GO:0071840	P
Q00LT2	GO:0097529	P
Q00LT2	GO:0098657	P
Q00LT2	GO:0150063	P
Q00LT2	GO:1904124	P
Q00LT2	GO:1905517	P
Q01813	GO:0005975	P
Q01813	GO:0005996	P
Q01813	GO:0006006	P
Q01813	GO:0006007	P
Q01813	GO:0006082	P
Q01813	GO:0006090	P
Q01813	GO:0006091	P
Q01813	GO:0006096	P
Q01813	GO:0006139	P
Q01813	GO:0006163	P
Q01813	GO:0006195	P
Q01813	GO:0006753	P
Q01813	GO:0006793	P
Q01813	GO:0006796	P
Q01813	GO:0008150	P
Q01813	GO:0008152	P
Q01813	GO:0009056	P
Q01813	GO:0009060	P
Q01813	GO:0009117	P
Q01813	GO:0009132	P
Q01813	GO:0009134	P
Q01813	GO:0009135	P
Q01813	GO:0009137	P
Q01813	GO:0009141	P
Q01813	GO:0009144	P
Q01813	GO:0009150	P
Q01813	GO:0009154	P
Q01813	GO:0009166	P
Q01813	GO:0009179	P
Q01813	GO:0009181	P
Q01813	GO:0009185	P
Q01813	GO:0009191	P
Q01813	GO:0009205	P
Q01813	GO:0009259	P
Q01813	GO:0009261	P
Q01813	GO:0009987	P
Q01813	GO:0015980	P
Q01813	GO:0016052	P
Q01813	GO:0019318	P
Q01813	GO:0019320	P
Q01813	GO:0019364	P
Q01813	GO:0019637	P
Q01813	GO:0019693	P
Q01813	GO:0019752	P
Q01813	GO:0032787	P
Q01813	GO:0034655	P
Q01813	GO:0043436	P
Q01813	GO:0044238	P
Q01813	GO:0044281	P
Q01813	GO:0044282	P
Q01813	GO:0045333	P
Q01813	GO:0046031	P
Q01813	GO:0046032	P
Q01813	GO:0046034	P
Q01813	GO:0046365	P
Q01813	GO:0046434	P
Q01813	GO:0046496	P
Q01813	GO:0055086	P
Q01813	GO:0061615	P
Q01813	GO:0061620	P
Q01813	GO:0061621	P
Q01813	GO:0061718	P
Q01813	GO:0072521	P
Q01813	GO:0072523	P
Q01813	GO:0072524	P
Q01813	GO:0072526	P
Q01813	GO:1901135	P
Q01813	GO:1901136	P
Q01813	GO:1901292	P
Q03559	GO:0003674	F
Q03559	GO:0008047	F
Q03559	GO:0030234	F
Q03559	GO:0098772	F
Q03559	GO:0140677	F
Q03690	GO:0006417	P
Q03690	GO:0008150	P
Q03690	GO:0009889	P
Q03690	GO:0010468	P
Q03690	GO:0010556	P
Q03690	GO:0010608	P
Q03690	GO:0019222	P
Q03690	GO:0050789	P
Q03690	GO:0050794	P
Q03690	GO:0051246	P
Q03690	GO:0060255	P
Q03690	GO:0065007	P
Q03690	GO:0080090	P
Q03690	GO:2000765	P
Q03702	GO:0006996	P
Q03702	GO:0007005	P
Q03702	GO:0008150	P
Q03702	GO:0009987	P
Q03702	GO:0016043	P
Q03702	GO:0071840	P
Q05895	GO:0005575	C
Q05895	GO:0005614	C
Q05895	GO:0030312	C
Q05895	GO:0031012	C
Q05895	GO:0032991	C
Q05895	GO:0071944	C
Q05895	GO:0110165	C
Q05895	GO:0140149	C
Q05895	GO:0140151	C
Q05895	GO:1990341	C
Q06011	GO:0000266	P
Q06011	GO:0006996	P
Q06011	GO:0007005	P
Q06011	GO:0008150	P
Q06011	GO:0009987	P
Q06011	GO:0016043	P
Q06011	GO:0019725	P
Q06011	GO:0042592	P
Q06011	GO:0045454	P
Q06011	GO:0048285	P
Q06011	GO:0071840	P
Q07116	GO:0005575	C
Q07116	GO:0005622	C
Q07116	GO:0005737	C
Q07116	GO:0005739	C
Q07116	GO:0005740	C
Q07116	GO:0005743	C
Q07116	GO:0016020	C
Q07116	GO:0019866	C
Q07116	GO:0031090	C
Q07116	GO:0031966	C
Q07116	GO:0031967	C
Q07116	GO:0043226	C
Q07116	GO:0043227	C
Q07116	GO:0043229	C
Q07116	GO:0043231	C
Q07116	GO:0110165	C
Q08176	GO:0003674	F
Q08176	GO:0005215	F
Q08176	GO:0005488	F
Q08176	GO:0005515	F
Q08176	GO:0015267	F
Q08176	GO:0022803	F
Q08176	GO:0022832	F
Q08176	GO:0022836	F
Q08176	GO:0022857	F
Q08622	GO:0003674	F
Q08622	GO:0005488	F
Q08622	GO:0043021	F
Q08622	GO:0043022	F
Q08622	GO:0044877	F
Q08622	GO:0097177	F
Q08729	GO:0003674	F
Q08729	GO:0005488	F
Q08729	GO:0005515	F
Q08729	GO:0097110	F
Q09675	GO:0006081	P
Q09675	GO:0008150	P
Q09675	GO:0008152	P
Q09675	GO:0009056	P
Q09675	GO:0009438	P
Q09675	GO:0009636	P
Q09675	GO:0009987	P
Q09675	GO:0042180	P
Q09675	GO:0042182	P
Q09675	GO:0042221	P
Q09675	GO:0044281	P
Q09675	GO:0044282	P
Q09675	GO:0046185	P
Q09675	GO:0050896	P
Q09675	GO:0051595	P
Q09675	GO:0051596	P
Q09675	GO:0051716	P
Q09675	GO:0070887	P
Q09675	GO:0097237	P
Q09675	GO:0097238	P
Q09675	GO:0098754	P
Q09675	GO:0110095	P
Q09675	GO:0110096	P
Q09675	GO:0140041	P
Q09675	GO:1901654	P
Q09675	GO:1901655	P
Q09675	GO:1901700	P
Q09675	GO:1901701	P
Q09675	GO:1990748	P
Q09718	GO:0003674	F
Q09718	GO:0030674	F
Q09718	GO:0035615	F
Q09718	GO:0060090	F
Q09718	GO:0140312	F
Q09911	GO:0000375	P
Q09911	GO:0000377	P
Q09911	GO:0000398	P
Q09911	GO:0006139	P
Q09911	GO:0006396	P
Q09911	GO:0006397	P
Q09911	GO:0008150	P
Q09911	GO:0008152	P
Q09911	GO:0008380	P
Q09911	GO:0009058	P
Q09911	GO:0009059	P
Q09911	GO:0009987	P
Q09911	GO:0010467	P
Q09911	GO:0016070	P
Q09911	GO:0016071	P
Q09911	GO:0032774	P
Q09911	GO:0034654	P
Q09911	GO:0043170	P
Q09911	GO:0044238	P
Q09911	GO:0045292	P
Q09911	GO:0090304	P
Q09911	GO:0141187	P
Q09918	GO:0006081	P
Q09918	GO:0008150	P
Q09918	GO:0008152	P
Q09918	GO:0009056	P
Q09918	GO:0009438	P
Q09918	GO:0009636	P
Q09918	GO:0009987	P
Q09918	GO:0042180	P
Q09918	GO:0042182	P
Q09918	GO:0042221	P
Q09918	GO:0044281	P
Q09918	GO:0044282	P
Q09918	GO:0046185	P
Q09918	GO:0050896	P
Q09918	GO:0051595	P
Q09918	GO:0051596	P
Q09918	GO:0051716	P
Q09918	GO:0070887	P
Q09918	GO:0097237	P
Q09918	GO:0097238	P
Q09918	GO:0098754	P
Q09918	GO:0110095	P
Q09918	GO:0110096	P
Q09918	GO:0140041	P
Q09918	GO:1901654	P
Q09918	GO:1901655	P
Q09918	GO:1901700	P
Q09918	GO:1901701	P
Q09918	GO:1990748	P
Q09927	GO:0008150	P
Q09927	GO:0009636	P
Q09927	GO:0009987	P
Q09927	GO:0042221	P
Q09927	GO:0050896	P
Q09927	GO:0051716	P
Q09927	GO:0070887	P
Q09927	GO:0097237	P
Q09927	GO:0098754	P
Q09927	GO:1990748	P
Q0VF58	GO:0005575	C
Q0VF58	GO:0005581	C
Q0VF58	GO:0005604	C
Q0VF58	GO:0030312	C
Q0VF58	GO:0031012	C
Q0VF58	GO:0032991	C
Q0VF58	GO:0071944	C
Q0VF58	GO:0110165	C
Q0VF58	GO:0140139	C
Q0VF58	GO:0140143	C
Q0VF58	GO:1990318	C
Q10092	GO:0006081	P
Q10092	GO:0008150	P
Q10092	GO:0008152	P
Q10092	GO:0009056	P
Q10092	GO:0009438	P
Q10092	GO:0009636	P
Q10092	GO:0009987	P
Q10092	GO:0042180	P
Q10092	GO:0042182	P
Q10092	GO:0042221	P
Q10092	GO:0044281	P
Q10092	GO:0044282	P
Q10092	GO:0046185	P
Q10092	GO:0050896	P
Q10092	GO:0051595	P
Q10092	GO:0051596	P
Q10092	GO:0051716	P
Q10092	GO:0070887	P
Q10092	GO:0097237	P
Q10092	GO:0097238	P
Q10092	GO:0098754	P
Q10092	GO:0110095	P
Q10092	GO:0110096	P
Q10092	GO:0140041	P
Q10092	GO:1901654	P
Q10092	GO:1901655	P
Q10092	GO:1901700	P
Q10092	GO:1901701	P
Q10092	GO:1990748	P
Q10132	GO:0006629	P
Q10132	GO:0006644	P
Q10132	GO:0006793	P
Q10132	GO:0006796	P
Q10132	GO:0008150	P
Q10132	GO:0008152	P
Q10132	GO:0008610	P
Q10132	GO:0008654	P
Q10132	GO:0009058	P
Q10132	GO:0009987	P
Q10132	GO:0019637	P
Q10132	GO:0044238	P
Q10132	GO:0050992	P
Q10132	GO:0050993	P
Q10132	GO:0090407	P
Q10352	GO:0008150	P
Q10352	GO:0019725	P
Q10352	GO:0042592	P
Q10352	GO:0045454	P
Q12219	GO:0008150	P
Q12219	GO:0009892	P
Q12219	GO:0010605	P
Q12219	GO:0019219	P
Q12219	GO:0019222	P
Q12219	GO:0045934	P
Q12219	GO:0048519	P
Q12219	GO:0048523	P
Q12219	GO:0050789	P
Q12219	GO:0050794	P
Q12219	GO:0051052	P
Q12219	GO:0051053	P
Q12219	GO:0060255	P
Q12219	GO:0065007	P
Q12219	GO:0080090	P
Q12219	GO:1901858	P
Q12219	GO:1901859	P
Q12926	GO:0005575	C
Q12926	GO:0005622	C
Q12926	GO:0005634	C
Q12926	GO:0005654	C
Q12926	GO:0031974	C
Q12926	GO:0031981	C
Q12926	GO:0043226	C
Q12926	GO:0043227	C
Q12926	GO:0043229	C
Q12926	GO:0043231	C
Q12926	GO:0043233	C
Q12926	GO:0070013	C
Q12926	GO:0110165	C
Q14AW5	GO:0005575	C
Q14AW5	GO:0005622	C
Q14AW5	GO:0005737	C
Q14AW5	GO:0005929	C
Q14AW5	GO:0031514	C
Q14AW5	GO:0036126	C
Q14AW5	GO:0042995	C
Q14AW5	GO:0043226	C
Q14AW5	GO:0043227	C
Q14AW5	GO:0097729	C
Q14AW5	GO:0110165	C
Q14AW5	GO:0120025	C
Q16877	GO:0006109	P
Q16877	GO:0006110	P
Q16877	GO:0006140	P
Q16877	GO:0008150	P
Q16877	GO:0009893	P
Q16877	GO:0009894	P
Q16877	GO:0009896	P
Q16877	GO:0010562	P
Q16877	GO:0019219	P
Q16877	GO:0019222	P
Q16877	GO:0030811	P
Q16877	GO:0030813	P
Q16877	GO:0033121	P
Q16877	GO:0033123	P
Q16877	GO:0043467	P
Q16877	GO:0043470	P
Q16877	GO:0045821	P
Q16877	GO:0045913	P
Q16877	GO:0045937	P
Q16877	GO:0045981	P
Q16877	GO:0048518	P
Q16877	GO:0048522	P
Q16877	GO:0050789	P
Q16877	GO:0050794	P
Q16877	GO:0051174	P
Q16877	GO:0062012	P
Q16877	GO:0062013	P
Q16877	GO:0065007	P
Q16877	GO:0080090	P
Q16877	GO:1900542	P
Q16877	GO:1900544	P
Q16877	GO:1903578	P
Q16877	GO:1903580	P
Q1MTR3	GO:0006996	P
Q1MTR3	GO:0006997	P
Q1MTR3	GO:0006998	P
Q1MTR3	GO:0008150	P
Q1MTR3	GO:0009987	P
Q1MTR3	GO:0010256	P
Q1MTR3	GO:0016043	P
Q1MTR3	GO:0061024	P
Q1MTR3	GO:0071840	P
Q22067	GO:0006082	P
Q22067	GO:0006520	P
Q22067	GO:0006536	P
Q22067	GO:0008150	P
Q22067	GO:0008152	P
Q22067	GO:0008652	P
Q22067	GO:0009058	P
Q22067	GO:0009084	P
Q22067	GO:0009987	P
Q22067	GO:0016053	P
Q22067	GO:0019752	P
Q22067	GO:0043436	P
Q22067	GO:0043648	P
Q22067	GO:0043650	P
Q22067	GO:0044238	P
Q22067	GO:0044281	P
Q22067	GO:0044283	P
Q22067	GO:0046394	P
Q22067	GO:0097054	P
Q22067	GO:0170033	P
Q22067	GO:0170034	P
Q22067	GO:0170038	P
Q22067	GO:0170039	P
Q22067	GO:1901605	P
Q22067	GO:1901607	P
Q283N4	GO:0006139	P
Q283N4	GO:0006144	P
Q283N4	GO:0006145	P
Q283N4	GO:0006147	P
Q283N4	GO:0006148	P
Q283N4	GO:0006149	P
Q283N4	GO:0006152	P
Q283N4	GO:0006154	P
Q283N4	GO:0006157	P
Q283N4	GO:0006161	P
Q283N4	GO:0006163	P
Q283N4	GO:0006195	P
Q283N4	GO:0006196	P
Q283N4	GO:0006204	P
Q283N4	GO:0006753	P
Q283N4	GO:0006793	P
Q283N4	GO:0006796	P
Q283N4	GO:0008150	P
Q283N4	GO:0008152	P
Q283N4	GO:0009056	P
Q283N4	GO:0009112	P
Q283N4	GO:0009114	P
Q283N4	GO:0009115	P
Q283N4	GO:0009116	P
Q283N4	GO:0009117	P
Q283N4	GO:0009119	P
Q283N4	GO:0009120	P
Q283N4	GO:0009123	P
Q283N4	GO:0009125	P
Q283N4	GO:0009126	P
Q283N4	GO:0009128	P
Q283N4	GO:0009150	P
Q283N4	GO:0009151	P
Q283N4	GO:0009154	P
Q283N4	GO:0009155	P
Q283N4	GO:0009158	P
Q283N4	GO:0009159	P
Q283N4	GO:0009164	P
Q283N4	GO:0009166	P
Q283N4	GO:0009167	P
Q283N4	GO:0009169	P
Q283N4	GO:0009170	P
Q283N4	GO:0009172	P
Q283N4	GO:0009259	P
Q283N4	GO:0009261	P
Q283N4	GO:0009262	P
Q283N4	GO:0009264	P
Q283N4	GO:0009394	P
Q283N4	GO:0009987	P
Q283N4	GO:0019628	P
Q283N4	GO:0019637	P
Q283N4	GO:0019693	P
Q283N4	GO:0034655	P
Q283N4	GO:0034656	P
Q283N4	GO:0042278	P
Q283N4	GO:0042454	P
Q283N4	GO:0044238	P
Q283N4	GO:0044281	P
Q283N4	GO:0044282	P
Q283N4	GO:0046033	P
Q283N4	GO:0046037	P
Q283N4	GO:0046038	P
Q283N4	GO:0046040	P
Q283N4	GO:0046054	P
Q283N4	GO:0046055	P
Q283N4	GO:0046085	P
Q283N4	GO:0046090	P
Q283N4	GO:0046094	P
Q283N4	GO:0046098	P
Q283N4	GO:0046100	P
Q283N4	GO:0046102	P
Q283N4	GO:0046110	P
Q283N4	GO:0046113	P
Q283N4	GO:0046121	P
Q283N4	GO:0046122	P
Q283N4	GO:0046124	P
Q283N4	GO:0046128	P
Q283N4	GO:0046130	P
Q283N4	GO:0046386	P
Q283N4	GO:0046415	P
Q283N4	GO:0046434	P
Q283N4	GO:0055086	P
Q283N4	GO:0072521	P
Q283N4	GO:0072523	P
Q283N4	GO:1901135	P
Q283N4	GO:1901136	P
Q283N4	GO:1901292	P
Q283N4	GO:1901658	P
Q2TB10	GO:0008150	P
Q2TB10	GO:0030856	P
Q2TB10	GO:0030857	P
Q2TB10	GO:0045595	P
Q2TB10	GO:0045596	P
Q2TB10	GO:0048519	P
Q2TB10	GO:0048523	P
Q2TB10	GO:0050789	P
Q2TB10	GO:0050793	P
Q2TB10	GO:0050794	P
Q2TB10	GO:0051093	P
Q2TB10	GO:0051239	P
Q2TB10	GO:0065007	P
Q2TB10	GO:2000026	P
Q2TBE6	GO:0003674	F
Q2TBE6	GO:0005488	F
Q2TBE6	GO:0035651	F
Q2TBE6	GO:0044877	F
Q3E7A7	GO:0000266	P
Q3E7A7	GO:0000422	P
Q3E7A7	GO:0000423	P
Q3E7A7	GO:0003674	F
Q3E7A7	GO:0005488	F
Q3E7A7	GO:0006914	P
Q3E7A7	GO:0006996	P
Q3E7A7	GO:0007005	P
Q3E7A7	GO:0008150	P
Q3E7A7	GO:0008152	P
Q3E7A7	GO:0008289	F
Q3E7A7	GO:0009056	P
Q3E7A7	GO:0009987	P
Q3E7A7	GO:0016043	P
Q3E7A7	GO:0016236	P
Q3E7A7	GO:0048285	P
Q3E7A7	GO:0061024	P
Q3E7A7	GO:0061919	P
Q3E7A7	GO:0071840	P
Q3E7A7	GO:0090148	P
Q3E7A7	GO:0090149	P
Q3LIE5	GO:0003674	F
Q3LIE5	GO:0003824	F
Q3LIE5	GO:0016462	F
Q3LIE5	GO:0016787	F
Q3LIE5	GO:0016817	F
Q3LIE5	GO:0016818	F
Q3LIE5	GO:0047631	F
Q3LIE5	GO:0047734	F
Q3UYH7	GO:0002029	P
Q3UYH7	GO:0008150	P
Q3UYH7	GO:0008277	P
Q3UYH7	GO:0009966	P
Q3UYH7	GO:0009968	P
Q3UYH7	GO:0010646	P
Q3UYH7	GO:0010648	P
Q3UYH7	GO:0022401	P
Q3UYH7	GO:0023051	P
Q3UYH7	GO:0023057	P
Q3UYH7	GO:0023058	P
Q3UYH7	GO:0045744	P
Q3UYH7	GO:0048519	P
Q3UYH7	GO:0048523	P
Q3UYH7	GO:0048583	P
Q3UYH7	GO:0048585	P
Q3UYH7	GO:0050789	P
Q3UYH7	GO:0050794	P
Q3UYH7	GO:0065007	P
Q3UZ39	GO:0008150	P
Q3UZ39	GO:0009966	P
Q3UZ39	GO:0009967	P
Q3UZ39	GO:0010646	P
Q3UZ39	GO:0010647	P
Q3UZ39	GO:0023051	P
Q3UZ39	GO:0023056	P
Q3UZ39	GO:0043122	P
Q3UZ39	GO:0043123	P
Q3UZ39	GO:0048518	P
Q3UZ39	GO:0048522	P
Q3UZ39	GO:0048583	P
Q3UZ39	GO:0048584	P
Q3UZ39	GO:0050789	P
Q3UZ39	GO:0050794	P
Q3UZ39	GO:0065007	P
Q3UZ39	GO:1902531	P
Q3UZ39	GO:1902533	P
Q3V129	GO:0003674	F
Q3V129	GO:0030674	F
Q3V129	GO:0060090	F
Q494V2	GO:0000226	P
Q494V2	GO:0000278	P
Q494V2	GO:0006996	P
Q494V2	GO:0007010	P
Q494V2	GO:0007017	P
Q494V2	GO:0007049	P
Q494V2	GO:0007051	P
Q494V2	GO:0007052	P
Q494V2	GO:0007059	P
Q494V2	GO:0008150	P
Q494V2	GO:0008283	P
Q494V2	GO:0009987	P
Q494V2	GO:0016043	P
Q494V2	GO:0022402	P
Q494V2	GO:0022607	P
Q494V2	GO:0031109	P
Q494V2	GO:0043616	P
Q494V2	GO:0043933	P
Q494V2	GO:0044085	P
Q494V2	GO:0046785	P
Q494V2	GO:0050673	P
Q494V2	GO:0051258	P
Q494V2	GO:0065003	P
Q494V2	GO:0071840	P
Q494V2	GO:0097435	P
Q494V2	GO:1902850	P
Q494V2	GO:1903047	P
Q52K88	GO:0006950	P
Q52K88	GO:0008150	P
Q52K88	GO:0009267	P
Q52K88	GO:0009987	P
Q52K88	GO:0016036	P
Q52K88	GO:0031667	P
Q52K88	GO:0031669	P
Q52K88	GO:0033554	P
Q52K88	GO:0042594	P
Q52K88	GO:0050896	P
Q52K88	GO:0051716	P
Q58EE9	GO:0001654	P
Q58EE9	GO:0003407	P
Q58EE9	GO:0007275	P
Q58EE9	GO:0007423	P
Q58EE9	GO:0008150	P
Q58EE9	GO:0009653	P
Q58EE9	GO:0009887	P
Q58EE9	GO:0010842	P
Q58EE9	GO:0032501	P
Q58EE9	GO:0032502	P
Q58EE9	GO:0043010	P
Q58EE9	GO:0048513	P
Q58EE9	GO:0048592	P
Q58EE9	GO:0048593	P
Q58EE9	GO:0048646	P
Q58EE9	GO:0048731	P
Q58EE9	GO:0048856	P
Q58EE9	GO:0048880	P
Q58EE9	GO:0060041	P
Q58EE9	GO:0060042	P
Q58EE9	GO:0090596	P
Q58EE9	GO:0150063	P
Q5D7H4	GO:0003674	F
Q5D7H4	GO:0005488	F
Q5D7H4	GO:0019863	F
Q5D7H4	GO:0019865	F
Q5D7H4	GO:0044877	F
Q5I0X4	GO:0005575	C
Q5I0X4	GO:0005622	C
Q5I0X4	GO:0005737	C
Q5I0X4	GO:0005829	C
Q5I0X4	GO:0006810	P
Q5I0X4	GO:0006886	P
Q5I0X4	GO:0006996	P
Q5I0X4	GO:0007031	P
Q5I0X4	GO:0008104	P
Q5I0X4	GO:0008150	P
Q5I0X4	GO:0009987	P
Q5I0X4	GO:0015031	P
Q5I0X4	GO:0015919	P
Q5I0X4	GO:0016043	P
Q5I0X4	GO:0016558	P
Q5I0X4	GO:0016560	P
Q5I0X4	GO:0033036	P
Q5I0X4	GO:0033365	P
Q5I0X4	GO:0043574	P
Q5I0X4	GO:0044743	P
Q5I0X4	GO:0045184	P
Q5I0X4	GO:0046907	P
Q5I0X4	GO:0051179	P
Q5I0X4	GO:0051234	P
Q5I0X4	GO:0051641	P
Q5I0X4	GO:0051649	P
Q5I0X4	GO:0055085	P
Q5I0X4	GO:0065002	P
Q5I0X4	GO:0071806	P
Q5I0X4	GO:0071840	P
Q5I0X4	GO:0072594	P
Q5I0X4	GO:0072662	P
Q5I0X4	GO:0072663	P
Q5I0X4	GO:0110165	C
Q5T7V8	GO:0006487	P
Q5T7V8	GO:0008150	P
Q5T7V8	GO:0008152	P
Q5T7V8	GO:0009058	P
Q5T7V8	GO:0009059	P
Q5T7V8	GO:0009100	P
Q5T7V8	GO:0009101	P
Q5T7V8	GO:0009987	P
Q5T7V8	GO:0019538	P
Q5T7V8	GO:0043170	P
Q5T7V8	GO:0044238	P
Q5T7V8	GO:1901135	P
Q5T7V8	GO:1901137	P
Q5U431	GO:0005575	C
Q5U431	GO:0005886	C
Q5U431	GO:0016020	C
Q5U431	GO:0071944	C
Q5U431	GO:0110165	C
Q5XF11	GO:0006511	P
Q5XF11	GO:0008150	P
Q5XF11	GO:0008152	P
Q5XF11	GO:0009056	P
Q5XF11	GO:0009057	P
Q5XF11	GO:0009987	P
Q5XF11	GO:0019538	P
Q5XF11	GO:0019941	P
Q5XF11	GO:0030163	P
Q5XF11	GO:0043170	P
Q5XF11	GO:0043632	P
Q5XF11	GO:0044238	P
Q60759	GO:0003674	F
Q60759	GO:0003824	F
Q60759	GO:0003995	F
Q60759	GO:0004361	F
Q60759	GO:0016491	F
Q60759	GO:0016627	F
Q60759	GO:0052890	F
Q61024	GO:0003674	F
Q61024	GO:0003824	F
Q61024	GO:0004066	F
Q61024	GO:0006082	P
Q61024	GO:0006520	P
Q61024	GO:0006528	P
Q61024	GO:0008150	P
Q61024	GO:0008152	P
Q61024	GO:0008652	P
Q61024	GO:0009058	P
Q61024	GO:0009067	P
Q61024	GO:0009987	P
Q61024	GO:0016053	P
Q61024	GO:0016874	F
Q61024	GO:0016879	F
Q61024	GO:0016884	F
Q61024	GO:0019752	P
Q61024	GO:0043436	P
Q61024	GO:0044238	P
Q61024	GO:0044281	P
Q61024	GO:0044283	P
Q61024	GO:0046394	P
Q61024	GO:0070981	P
Q61024	GO:0070982	P
Q61024	GO:0170033	P
Q61024	GO:0170034	P
Q61024	GO:0170038	P
Q61024	GO:0170039	P
Q61024	GO:1901605	P
Q61024	GO:1901607	P
Q61495	GO:0007155	P
Q61495	GO:0008150	P
Q61495	GO:0008544	P
Q61495	GO:0009888	P
Q61495	GO:0009987	P
Q61495	GO:0032502	P
Q61495	GO:0043588	P
Q61495	GO:0048513	P
Q61495	GO:0048856	P
Q61495	GO:0060429	P
Q61495	GO:0061436	P
Q61495	GO:0098609	P
Q61495	GO:0098773	P
Q62052	GO:0003674	F
Q62052	GO:0005488	F
Q62052	GO:0005575	C
Q62052	GO:0005622	C
Q62052	GO:0005737	C
Q62052	GO:0009986	C
Q62052	GO:0031410	C
Q62052	GO:0031982	C
Q62052	GO:0042470	C
Q62052	GO:0043226	C
Q62052	GO:0043227	C
Q62052	GO:0043229	C
Q62052	GO:0043231	C
Q62052	GO:0044877	F
Q62052	GO:0048770	C
Q62052	GO:0097708	C
Q62052	GO:0110165	C
Q62419	GO:0006810	P
Q62419	GO:0006897	P
Q62419	GO:0008150	P
Q62419	GO:0009987	P
Q62419	GO:0016043	P
Q62419	GO:0016192	P
Q62419	GO:0022411	P
Q62419	GO:0032984	P
Q62419	GO:0036465	P
Q62419	GO:0043933	P
Q62419	GO:0048488	P
Q62419	GO:0051179	P
Q62419	GO:0051234	P
Q62419	GO:0051261	P
Q62419	GO:0051641	P
Q62419	GO:0051649	P
Q62419	GO:0071840	P
Q62419	GO:0072319	P
Q62419	GO:0098657	P
Q62419	GO:0099003	P
Q62419	GO:0099504	P
Q62419	GO:0140238	P
Q62847	GO:0005575	C
Q62847	GO:0005622	C
Q62847	GO:0005856	C
Q62847	GO:0005886	C
Q62847	GO:0016020	C
Q62847	GO:0043226	C
Q62847	GO:0043228	C
Q62847	GO:0043229	C
Q62847	GO:0043232	C
Q62847	GO:0071944	C
Q62847	GO:0110165	C
Q66HR2	GO:0008150	P
Q66HR2	GO:0032879	P
Q66HR2	GO:0032880	P
Q66HR2	GO:0048518	P
Q66HR2	GO:0050789	P
Q66HR2	GO:0065007	P
Q66HR2	GO:1903829	P
Q68DE3	GO:0005575	C
Q68DE3	GO:0005622	C
Q68DE3	GO:0005634	C
Q68DE3	GO:0043226	C
Q68DE3	GO:0043227	C
Q68DE3	GO:0043229	C
Q68DE3	GO:0043231	C
Q68DE3	GO:0110165	C
Q6EBC2	GO:0007154	P
Q6EBC2	GO:0007165	P
Q6EBC2	GO:0007166	P
Q6EBC2	GO:0008150	P
Q6EBC2	GO:0009987	P
Q6EBC2	GO:0019221	P
Q6EBC2	GO:0023052	P
Q6EBC2	GO:0034097	P
Q6EBC2	GO:0042221	P
Q6EBC2	GO:0050789	P
Q6EBC2	GO:0050794	P
Q6EBC2	GO:0050896	P
Q6EBC2	GO:0051716	P
Q6EBC2	GO:0065007	P
Q6EBC2	GO:0071345	P
Q6EBC2	GO:1901652	P
Q6JD68	GO:0006629	P
Q6JD68	GO:0006720	P
Q6JD68	GO:0006721	P
Q6JD68	GO:0008150	P
Q6JD68	GO:0008152	P
Q6JD68	GO:0008299	P
Q6JD68	GO:0008610	P
Q6JD68	GO:0009058	P
Q6JD68	GO:0009987	P
Q6JD68	GO:0016101	P
Q6JD68	GO:0016102	P
Q6JD68	GO:0016114	P
Q6JD68	GO:0042617	P
Q6JD68	GO:0044238	P
Q6NP60	GO:0006066	P
Q6NP60	GO:0006576	P
Q6NP60	GO:0006589	P
Q6NP60	GO:0008150	P
Q6NP60	GO:0008152	P
Q6NP60	GO:0009058	P
Q6NP60	GO:0009308	P
Q6NP60	GO:0009309	P
Q6NP60	GO:0009987	P
Q6NP60	GO:0018958	P
Q6NP60	GO:0042401	P
Q6NP60	GO:0044281	P
Q6NP60	GO:0044283	P
Q6NP60	GO:0046165	P
Q6NP60	GO:0046189	P
Q6NP60	GO:0046333	P
Q6NS60	GO:0005575	C
Q6NS60	GO:0005622	C
Q6NS60	GO:0005737	C
Q6NS60	GO:0005813	C
Q6NS60	GO:0005815	C
Q6NS60	GO:0005856	C
Q6NS60	GO:0015630	C
Q6NS60	GO:0043226	C
Q6NS60	GO:0043228	C
Q6NS60	GO:0043229	C
Q6NS60	GO:0043232	C
Q6NS60	GO:0110165	C
Q6NWC6	GO:0006139	P
Q6NWC6	GO:0006396	P
Q6NWC6	GO:0006397	P
Q6NWC6	GO:0007610	P
Q6NWC6	GO:0007626	P
Q6NWC6	GO:0008150	P
Q6NWC6	GO:0008152	P
Q6NWC6	GO:0009058	P
Q6NWC6	GO:0009059	P
Q6NWC6	GO:0009987	P
Q6NWC6	GO:0010467	P
Q6NWC6	GO:0016070	P
Q6NWC6	GO:0016071	P
Q6NWC6	GO:0022603	P
Q6NWC6	GO:0031123	P
Q6NWC6	GO:0031124	P
Q6NWC6	GO:0032501	P
Q6NWC6	GO:0032774	P
Q6NWC6	GO:0034654	P
Q6NWC6	GO:0036269	P
Q6NWC6	GO:0043170	P
Q6NWC6	GO:0044238	P
Q6NWC6	GO:0050789	P
Q6NWC6	GO:0050793	P
Q6NWC6	GO:0065007	P
Q6NWC6	GO:0090304	P
Q6NWC6	GO:0110104	P
Q6NWC6	GO:0141187	P
Q6NWC6	GO:2000027	P
Q6NWC6	GO:2000826	P
Q6PCE3	GO:0006793	P
Q6PCE3	GO:0006796	P
Q6PCE3	GO:0008150	P
Q6PCE3	GO:0008152	P
Q6PCE3	GO:0009987	P
Q6PCE3	GO:0019637	P
Q6PCE3	GO:0051156	P
Q6PCE3	GO:1901135	P
Q6RUT7	GO:0003674	F
Q6RUT7	GO:0030674	F
Q6RUT7	GO:0043495	F
Q6RUT7	GO:0060090	F
Q6ZTW0	GO:0000226	P
Q6ZTW0	GO:0003674	F
Q6ZTW0	GO:0006996	P
Q6ZTW0	GO:0007010	P
Q6ZTW0	GO:0007017	P
Q6ZTW0	GO:0008150	P
Q6ZTW0	GO:0009987	P
Q6ZTW0	GO:0016043	P
Q6ZTW0	GO:0030674	F
Q6ZTW0	GO:0060090	F
Q6ZTW0	GO:0071840	P
Q70JA7	GO:0003674	F
Q70JA7	GO:0003824	F
Q70JA7	GO:0006029	P
Q70JA7	GO:0006493	P
Q70JA7	GO:0008150	P
Q70JA7	GO:0008152	P
Q70JA7	GO:0008194	F
Q70JA7	GO:0008376	F
Q70JA7	GO:0009058	P
Q70JA7	GO:0009059	P
Q70JA7	GO:0009100	P
Q70JA7	GO:0009101	P
Q70JA7	GO:0009987	P
Q70JA7	GO:0015020	F
Q70JA7	GO:0016740	F
Q70JA7	GO:0016757	F
Q70JA7	GO:0016758	F
Q70JA7	GO:0019538	P
Q70JA7	GO:0030166	P
Q70JA7	GO:0043170	P
Q70JA7	GO:0044238	P
Q70JA7	GO:0047238	F
Q70JA7	GO:0050510	F
Q70JA7	GO:0050650	P
Q70JA7	GO:0050654	P
Q70JA7	GO:0180064	P
Q70JA7	GO:1901135	P
Q70JA7	GO:1901137	P
Q7PC79	GO:0005575	C
Q7PC79	GO:0005622	C
Q7PC79	GO:0005634	C
Q7PC79	GO:0005635	C
Q7PC79	GO:0005643	C
Q7PC79	GO:0012505	C
Q7PC79	GO:0031967	C
Q7PC79	GO:0032991	C
Q7PC79	GO:0043226	C
Q7PC79	GO:0043227	C
Q7PC79	GO:0043229	C
Q7PC79	GO:0043231	C
Q7PC79	GO:0110165	C
Q7PC79	GO:0140513	C
Q7TSF0	GO:0007155	P
Q7TSF0	GO:0008150	P
Q7TSF0	GO:0008544	P
Q7TSF0	GO:0009888	P
Q7TSF0	GO:0009987	P
Q7TSF0	GO:0032502	P
Q7TSF0	GO:0043588	P
Q7TSF0	GO:0048513	P
Q7TSF0	GO:0048856	P
Q7TSF0	GO:0060429	P
Q7TSF0	GO:0061436	P
Q7TSF0	GO:0098609	P
Q7TSF0	GO:0098773	P
Q7TSF1	GO:0007155	P
Q7TSF1	GO:0008150	P
Q7TSF1	GO:0008544	P
Q7TSF1	GO:0009888	P
Q7TSF1	GO:0009987	P
Q7TSF1	GO:0032502	P
Q7TSF1	GO:0043588	P
Q7TSF1	GO:0048513	P
Q7TSF1	GO:0048856	P
Q7TSF1	GO:0060429	P
Q7TSF1	GO:0061436	P
Q7TSF1	GO:0098609	P
Q7TSF1	GO:0098773	P
Q7Z4G1	GO:0005575	C
Q7Z4G1	GO:0032991	C
Q80T85	GO:0008150	P
Q80T85	GO:0008152	P
Q80T85	GO:0009056	P
Q80T85	GO:0009057	P
Q80T85	GO:0009987	P
Q80T85	GO:0016043	P
Q80T85	GO:0019538	P
Q80T85	GO:0022607	P
Q80T85	GO:0030163	P
Q80T85	GO:0043170	P
Q80T85	GO:0043933	P
Q80T85	GO:0044085	P
Q80T85	GO:0044238	P
Q80T85	GO:0065003	P
Q80T85	GO:0071840	P
Q80XL6	GO:0003674	F
Q80XL6	GO:0003824	F
Q80XL6	GO:0003995	F
Q80XL6	GO:0006082	P
Q80XL6	GO:0006629	P
Q80XL6	GO:0006631	P
Q80XL6	GO:0008150	P
Q80XL6	GO:0008152	P
Q80XL6	GO:0009056	P
Q80XL6	GO:0009062	P
Q80XL6	GO:0009987	P
Q80XL6	GO:0016042	P
Q80XL6	GO:0016054	P
Q80XL6	GO:0016301	F
Q80XL6	GO:0016491	F
Q80XL6	GO:0016627	F
Q80XL6	GO:0016740	F
Q80XL6	GO:0016772	F
Q80XL6	GO:0019752	P
Q80XL6	GO:0032787	P
Q80XL6	GO:0043436	P
Q80XL6	GO:0044238	P
Q80XL6	GO:0044281	P
Q80XL6	GO:0044282	P
Q80XL6	GO:0046395	P
Q80XL6	GO:0052890	F
Q80XL6	GO:0072329	P
Q86VX2	GO:0005575	C
Q86VX2	GO:0032991	C
Q86X83	GO:0005575	C
Q86X83	GO:0032991	C
Q8BGT5	GO:0003674	F
Q8BGT5	GO:0003824	F
Q8BGT5	GO:0004021	F
Q8BGT5	GO:0006082	P
Q8BGT5	GO:0006090	P
Q8BGT5	GO:0006520	P
Q8BGT5	GO:0006522	P
Q8BGT5	GO:0006523	P
Q8BGT5	GO:0008150	P
Q8BGT5	GO:0008152	P
Q8BGT5	GO:0008483	F
Q8BGT5	GO:0008652	P
Q8BGT5	GO:0009056	P
Q8BGT5	GO:0009058	P
Q8BGT5	GO:0009063	P
Q8BGT5	GO:0009079	P
Q8BGT5	GO:0009987	P
Q8BGT5	GO:0016053	P
Q8BGT5	GO:0016054	P
Q8BGT5	GO:0016740	F
Q8BGT5	GO:0016769	F
Q8BGT5	GO:0019272	P
Q8BGT5	GO:0019752	P
Q8BGT5	GO:0032787	P
Q8BGT5	GO:0042851	P
Q8BGT5	GO:0042852	P
Q8BGT5	GO:0042853	P
Q8BGT5	GO:0043436	P
Q8BGT5	GO:0044238	P
Q8BGT5	GO:0044281	P
Q8BGT5	GO:0044282	P
Q8BGT5	GO:0044283	P
Q8BGT5	GO:0046394	P
Q8BGT5	GO:0046395	P
Q8BGT5	GO:0047635	F
Q8BGT5	GO:0170033	P
Q8BGT5	GO:0170034	P
Q8BGT5	GO:0170035	P
Q8BGT5	GO:0170038	P
Q8BGT5	GO:0170039	P
Q8BGT5	GO:0170040	P
Q8BGT5	GO:1901605	P
Q8BGT5	GO:1901606	P
Q8BGT5	GO:1901607	P
Q8BGY7	GO:0001659	P
Q8BGY7	GO:0003674	F
Q8BGY7	GO:0004857	F
Q8BGY7	GO:0004866	F
Q8BGY7	GO:0006996	P
Q8BGY7	GO:0007005	P
Q8BGY7	GO:0007006	P
Q8BGY7	GO:0007007	P
Q8BGY7	GO:0008053	P
Q8BGY7	GO:0008150	P
Q8BGY7	GO:0008191	F
Q8BGY7	GO:0009987	P
Q8BGY7	GO:0016043	P
Q8BGY7	GO:0030234	F
Q8BGY7	GO:0030414	F
Q8BGY7	GO:0032501	P
Q8BGY7	GO:0042592	P
Q8BGY7	GO:0048284	P
Q8BGY7	GO:0048871	P
Q8BGY7	GO:0061024	P
Q8BGY7	GO:0061134	F
Q8BGY7	GO:0061135	F
Q8BGY7	GO:0071840	P
Q8BGY7	GO:0098772	F
Q8BGY7	GO:0140678	F
Q8BGY7	GO:1990627	P
Q8BGY7	GO:1990845	P
Q8BKV0	GO:0005575	C
Q8BKV0	GO:0005614	C
Q8BKV0	GO:0030312	C
Q8BKV0	GO:0031012	C
Q8BKV0	GO:0071944	C
Q8BKV0	GO:0110165	C
Q8BKV0	GO:0140150	C
Q8BLQ9	GO:0005575	C
Q8BLQ9	GO:0005886	C
Q8BLQ9	GO:0016020	C
Q8BLQ9	GO:0071944	C
Q8BLQ9	GO:0110165	C
Q8BMT9	GO:0005575	C
Q8BMT9	GO:0005622	C
Q8BMT9	GO:0005737	C
Q8BMT9	GO:0005783	C
Q8BMT9	GO:0005789	C
Q8BMT9	GO:0012505	C
Q8BMT9	GO:0016020	C
Q8BMT9	GO:0031090	C
Q8BMT9	GO:0031984	C
Q8BMT9	GO:0042175	C
Q8BMT9	GO:0043226	C
Q8BMT9	GO:0043227	C
Q8BMT9	GO:0043229	C
Q8BMT9	GO:0043231	C
Q8BMT9	GO:0098827	C
Q8BMT9	GO:0110165	C
Q8BPY9	GO:0003674	F
Q8BPY9	GO:0003824	F
Q8BPY9	GO:0016462	F
Q8BPY9	GO:0016787	F
Q8BPY9	GO:0016817	F
Q8BPY9	GO:0016818	F
Q8BPY9	GO:0016887	F
Q8BPY9	GO:0017111	F
Q8BPY9	GO:0140657	F
Q8BPY9	GO:0140776	F
Q8BSZ2	GO:0003674	F
Q8BSZ2	GO:0005488	F
Q8BSZ2	GO:0035651	F
Q8BSZ2	GO:0044877	F
Q8BU11	GO:0000981	F
Q8BU11	GO:0001216	F
Q8BU11	GO:0001228	F
Q8BU11	GO:0003674	F
Q8BU11	GO:0003700	F
Q8BU11	GO:0140110	F
Q8CHT0	GO:0006082	P
Q8CHT0	GO:0006520	P
Q8CHT0	GO:0006560	P
Q8CHT0	GO:0006562	P
Q8CHT0	GO:0008150	P
Q8CHT0	GO:0008152	P
Q8CHT0	GO:0009056	P
Q8CHT0	GO:0009063	P
Q8CHT0	GO:0009987	P
Q8CHT0	GO:0016054	P
Q8CHT0	GO:0019752	P
Q8CHT0	GO:0043436	P
Q8CHT0	GO:0044238	P
Q8CHT0	GO:0044281	P
Q8CHT0	GO:0044282	P
Q8CHT0	GO:0046395	P
Q8CHT0	GO:0170033	P
Q8CHT0	GO:0170035	P
Q8CHT0	GO:0170039	P
Q8CHT0	GO:0170040	P
Q8CHT0	GO:1901605	P
Q8CHT0	GO:1901606	P
Q8CIT0	GO:0003674	F
Q8CIT0	GO:0005179	F
Q8CIT0	GO:0017045	F
Q8CIT0	GO:0030545	F
Q8CIT0	GO:0030546	F
Q8CIT0	GO:0048018	F
Q8CIT0	GO:0098772	F
Q8CIT0	GO:0140677	F
Q8GW20	GO:0006996	P
Q8GW20	GO:0008150	P
Q8GW20	GO:0009657	P
Q8GW20	GO:0009668	P
Q8GW20	GO:0009987	P
Q8GW20	GO:0010027	P
Q8GW20	GO:0016043	P
Q8GW20	GO:0061024	P
Q8GW20	GO:0071840	P
Q8GZB6	GO:0005575	C
Q8GZB6	GO:0005622	C
Q8GZB6	GO:0005634	C
Q8GZB6	GO:0043226	C
Q8GZB6	GO:0043227	C
Q8GZB6	GO:0043229	C
Q8GZB6	GO:0043231	C
Q8GZB6	GO:0110165	C
Q8IUZ0	GO:0000226	P
Q8IUZ0	GO:0003674	F
Q8IUZ0	GO:0006996	P
Q8IUZ0	GO:0007010	P
Q8IUZ0	GO:0007017	P
Q8IUZ0	GO:0008150	P
Q8IUZ0	GO:0009987	P
Q8IUZ0	GO:0016043	P
Q8IUZ0	GO:0030674	F
Q8IUZ0	GO:0060090	F
Q8IUZ0	GO:0071840	P
Q8IV36	GO:0008150	P
Q8IV36	GO:0009987	P
Q8IV36	GO:0044085	P
Q8IV36	GO:0061110	P
Q8IV36	GO:0071840	P
Q8IYM1	GO:0000921	P
Q8IYM1	GO:0003006	P
Q8IYM1	GO:0006996	P
Q8IYM1	GO:0007010	P
Q8IYM1	GO:0007276	P
Q8IYM1	GO:0007281	P
Q8IYM1	GO:0007283	P
Q8IYM1	GO:0007286	P
Q8IYM1	GO:0008150	P
Q8IYM1	GO:0009987	P
Q8IYM1	GO:0016043	P
Q8IYM1	GO:0019953	P
Q8IYM1	GO:0022412	P
Q8IYM1	GO:0022414	P
Q8IYM1	GO:0022607	P
Q8IYM1	GO:0030154	P
Q8IYM1	GO:0031106	P
Q8IYM1	GO:0032185	P
Q8IYM1	GO:0032502	P
Q8IYM1	GO:0043933	P
Q8IYM1	GO:0044085	P
Q8IYM1	GO:0048232	P
Q8IYM1	GO:0048468	P
Q8IYM1	GO:0048515	P
Q8IYM1	GO:0048609	P
Q8IYM1	GO:0048856	P
Q8IYM1	GO:0048869	P
Q8IYM1	GO:0065003	P
Q8IYM1	GO:0070925	P
Q8IYM1	GO:0071840	P
Q8IYM1	GO:0140694	P
Q8IYR0	GO:0000226	P
Q8IYR0	GO:0001539	P
Q8IYR0	GO:0001578	P
Q8IYR0	GO:0003006	P
Q8IYR0	GO:0003341	P
Q8IYR0	GO:0006996	P
Q8IYR0	GO:0007010	P
Q8IYR0	GO:0007017	P
Q8IYR0	GO:0007018	P
Q8IYR0	GO:0007276	P
Q8IYR0	GO:0007281	P
Q8IYR0	GO:0007283	P
Q8IYR0	GO:0007286	P
Q8IYR0	GO:0007288	P
Q8IYR0	GO:0008150	P
Q8IYR0	GO:0009987	P
Q8IYR0	GO:0016043	P
Q8IYR0	GO:0019953	P
Q8IYR0	GO:0022412	P
Q8IYR0	GO:0022414	P
Q8IYR0	GO:0022607	P
Q8IYR0	GO:0030030	P
Q8IYR0	GO:0030031	P
Q8IYR0	GO:0030154	P
Q8IYR0	GO:0030317	P
Q8IYR0	GO:0032502	P
Q8IYR0	GO:0035082	P
Q8IYR0	GO:0044085	P
Q8IYR0	GO:0044458	P
Q8IYR0	GO:0044782	P
Q8IYR0	GO:0048232	P
Q8IYR0	GO:0048468	P
Q8IYR0	GO:0048515	P
Q8IYR0	GO:0048609	P
Q8IYR0	GO:0048856	P
Q8IYR0	GO:0048869	P
Q8IYR0	GO:0048870	P
Q8IYR0	GO:0060271	P
Q8IYR0	GO:0060285	P
Q8IYR0	GO:0060294	P
Q8IYR0	GO:0070925	P
Q8IYR0	GO:0071840	P
Q8IYR0	GO:0097722	P
Q8IYR0	GO:0120031	P
Q8IYR0	GO:0120036	P
Q8IYR0	GO:0120316	P
Q8K370	GO:0003674	F
Q8K370	GO:0003824	F
Q8K370	GO:0003995	F
Q8K370	GO:0006082	P
Q8K370	GO:0006629	P
Q8K370	GO:0006631	P
Q8K370	GO:0008150	P
Q8K370	GO:0008152	P
Q8K370	GO:0009056	P
Q8K370	GO:0009062	P
Q8K370	GO:0009987	P
Q8K370	GO:0016042	P
Q8K370	GO:0016054	P
Q8K370	GO:0016301	F
Q8K370	GO:0016491	F
Q8K370	GO:0016627	F
Q8K370	GO:0016740	F
Q8K370	GO:0016772	F
Q8K370	GO:0019752	P
Q8K370	GO:0032787	P
Q8K370	GO:0043436	P
Q8K370	GO:0044238	P
Q8K370	GO:0044281	P
Q8K370	GO:0044282	P
Q8K370	GO:0046395	P
Q8K370	GO:0052890	F
Q8K370	GO:0072329	P
Q8N0Z8	GO:0001522	P
Q8N0Z8	GO:0003674	F
Q8N0Z8	GO:0003824	F
Q8N0Z8	GO:0006139	P
Q8N0Z8	GO:0006396	P
Q8N0Z8	GO:0006399	P
Q8N0Z8	GO:0006400	P
Q8N0Z8	GO:0008033	P
Q8N0Z8	GO:0008150	P
Q8N0Z8	GO:0008152	P
Q8N0Z8	GO:0009058	P
Q8N0Z8	GO:0009059	P
Q8N0Z8	GO:0009451	P
Q8N0Z8	GO:0009982	F
Q8N0Z8	GO:0009987	P
Q8N0Z8	GO:0010467	P
Q8N0Z8	GO:0016070	P
Q8N0Z8	GO:0016853	F
Q8N0Z8	GO:0016866	F
Q8N0Z8	GO:0031119	P
Q8N0Z8	GO:0032774	P
Q8N0Z8	GO:0034654	P
Q8N0Z8	GO:0043170	P
Q8N0Z8	GO:0043412	P
Q8N0Z8	GO:0044238	P
Q8N0Z8	GO:0090304	P
Q8N0Z8	GO:0106029	F
Q8N0Z8	GO:0140098	F
Q8N0Z8	GO:0140101	F
Q8N0Z8	GO:0140640	F
Q8N0Z8	GO:0141187	P
Q8N0Z8	GO:0160147	F
Q8N413	GO:0003674	F
Q8N413	GO:0005215	F
Q8N413	GO:0015171	F
Q8N413	GO:0015179	F
Q8N413	GO:0022857	F
Q8N413	GO:0046943	F
Q8N6U8	GO:0007154	P
Q8N6U8	GO:0007165	P
Q8N6U8	GO:0007186	P
Q8N6U8	GO:0007188	P
Q8N6U8	GO:0007189	P
Q8N6U8	GO:0008150	P
Q8N6U8	GO:0008589	P
Q8N6U8	GO:0009966	P
Q8N6U8	GO:0009968	P
Q8N6U8	GO:0009987	P
Q8N6U8	GO:0010646	P
Q8N6U8	GO:0010648	P
Q8N6U8	GO:0023051	P
Q8N6U8	GO:0023052	P
Q8N6U8	GO:0023057	P
Q8N6U8	GO:0045879	P
Q8N6U8	GO:0048519	P
Q8N6U8	GO:0048523	P
Q8N6U8	GO:0048583	P
Q8N6U8	GO:0048585	P
Q8N6U8	GO:0050789	P
Q8N6U8	GO:0050794	P
Q8N6U8	GO:0050896	P
Q8N6U8	GO:0051716	P
Q8N6U8	GO:0065007	P
Q8QZR5	GO:0003674	F
Q8QZR5	GO:0003824	F
Q8QZR5	GO:0004021	F
Q8QZR5	GO:0006082	P
Q8QZR5	GO:0006520	P
Q8QZR5	GO:0006522	P
Q8QZR5	GO:0008150	P
Q8QZR5	GO:0008152	P
Q8QZR5	GO:0008483	F
Q8QZR5	GO:0009056	P
Q8QZR5	GO:0009063	P
Q8QZR5	GO:0009987	P
Q8QZR5	GO:0016054	P
Q8QZR5	GO:0016740	F
Q8QZR5	GO:0016769	F
Q8QZR5	GO:0019752	P
Q8QZR5	GO:0042851	P
Q8QZR5	GO:0042853	P
Q8QZR5	GO:0043436	P
Q8QZR5	GO:0044238	P
Q8QZR5	GO:0044281	P
Q8QZR5	GO:0044282	P
Q8QZR5	GO:0046395	P
Q8QZR5	GO:0047635	F
Q8QZR5	GO:0170033	P
Q8QZR5	GO:0170035	P
Q8QZR5	GO:0170039	P
Q8QZR5	GO:0170040	P
Q8QZR5	GO:1901605	P
Q8QZR5	GO:1901606	P
Q8QZZ8	GO:0008150	P
Q8QZZ8	GO:0043473	P
Q8QZZ8	GO:0048066	P
Q8QZZ8	GO:0048069	P
Q8R2R9	GO:0003674	F
Q8R2R9	GO:0005488	F
Q8R2R9	GO:0035651	F
Q8R2R9	GO:0044877	F
Q8R464	GO:0000139	C
Q8R464	GO:0005575	C
Q8R464	GO:0005622	C
Q8R464	GO:0005737	C
Q8R464	GO:0005794	C
Q8R464	GO:0012505	C
Q8R464	GO:0016020	C
Q8R464	GO:0031090	C
Q8R464	GO:0043226	C
Q8R464	GO:0043227	C
Q8R464	GO:0043229	C
Q8R464	GO:0043231	C
Q8R464	GO:0098588	C
Q8R464	GO:0110165	C
Q8S9G6	GO:0003674	F
Q8S9G6	GO:0003824	F
Q8S9G6	GO:0008374	F
Q8S9G6	GO:0016407	F
Q8S9G6	GO:0016413	F
Q8S9G6	GO:0016740	F
Q8S9G6	GO:0016746	F
Q8S9G6	GO:0016747	F
Q8S9G6	GO:0050638	F
Q8TD86	GO:0005575	C
Q8TD86	GO:0005622	C
Q8TD86	GO:0005634	C
Q8TD86	GO:0005654	C
Q8TD86	GO:0005737	C
Q8TD86	GO:0005829	C
Q8TD86	GO:0016604	C
Q8TD86	GO:0016607	C
Q8TD86	GO:0031974	C
Q8TD86	GO:0031981	C
Q8TD86	GO:0035770	C
Q8TD86	GO:0043226	C
Q8TD86	GO:0043227	C
Q8TD86	GO:0043228	C
Q8TD86	GO:0043229	C
Q8TD86	GO:0043231	C
Q8TD86	GO:0043232	C
Q8TD86	GO:0043233	C
Q8TD86	GO:0070013	C
Q8TD86	GO:0099080	C
Q8TD86	GO:0110165	C
Q8TD86	GO:0140168	C
Q8TFH4	GO:0005575	C
Q8TFH4	GO:0005622	C
Q8TFH4	GO:0005737	C
Q8TFH4	GO:0005739	C
Q8TFH4	GO:0005759	C
Q8TFH4	GO:0031974	C
Q8TFH4	GO:0043226	C
Q8TFH4	GO:0043227	C
Q8TFH4	GO:0043229	C
Q8TFH4	GO:0043231	C
Q8TFH4	GO:0043233	C
Q8TFH4	GO:0070013	C
Q8TFH4	GO:0110165	C
Q8VC97	GO:0006139	P
Q8VC97	GO:0006220	P
Q8VC97	GO:0006244	P
Q8VC97	GO:0006248	P
Q8VC97	GO:0006249	P
Q8VC97	GO:0006753	P
Q8VC97	GO:0006793	P
Q8VC97	GO:0006796	P
Q8VC97	GO:0008150	P
Q8VC97	GO:0008152	P
Q8VC97	GO:0009056	P
Q8VC97	GO:0009117	P
Q8VC97	GO:0009123	P
Q8VC97	GO:0009125	P
Q8VC97	GO:0009129	P
Q8VC97	GO:0009131	P
Q8VC97	GO:0009158	P
Q8VC97	GO:0009159	P
Q8VC97	GO:0009166	P
Q8VC97	GO:0009173	P
Q8VC97	GO:0009175	P
Q8VC97	GO:0009176	P
Q8VC97	GO:0009178	P
Q8VC97	GO:0009218	P
Q8VC97	GO:0009219	P
Q8VC97	GO:0009222	P
Q8VC97	GO:0009223	P
Q8VC97	GO:0009259	P
Q8VC97	GO:0009261	P
Q8VC97	GO:0009262	P
Q8VC97	GO:0009264	P
Q8VC97	GO:0009394	P
Q8VC97	GO:0009987	P
Q8VC97	GO:0019637	P
Q8VC97	GO:0019693	P
Q8VC97	GO:0034655	P
Q8VC97	GO:0044238	P
Q8VC97	GO:0044281	P
Q8VC97	GO:0046035	P
Q8VC97	GO:0046049	P
Q8VC97	GO:0046050	P
Q8VC97	GO:0046063	P
Q8VC97	GO:0046078	P
Q8VC97	GO:0046079	P
Q8VC97	GO:0046386	P
Q8VC97	GO:0046434	P
Q8VC97	GO:0055086	P
Q8VC97	GO:0072527	P
Q8VC97	GO:0072529	P
Q8VC97	GO:1901135	P
Q8VC97	GO:1901136	P
Q8VC97	GO:1901292	P
Q8VCZ9	GO:0003674	F
Q8VCZ9	GO:0003824	F
Q8VCZ9	GO:0006082	P
Q8VCZ9	GO:0006520	P
Q8VCZ9	GO:0006575	P
Q8VCZ9	GO:0008150	P
Q8VCZ9	GO:0008152	P
Q8VCZ9	GO:0009056	P
Q8VCZ9	GO:0009063	P
Q8VCZ9	GO:0009987	P
Q8VCZ9	GO:0016054	P
Q8VCZ9	GO:0016491	F
Q8VCZ9	GO:0016645	F
Q8VCZ9	GO:0016649	F
Q8VCZ9	GO:0019470	P
Q8VCZ9	GO:0019752	P
Q8VCZ9	GO:0042219	P
Q8VCZ9	GO:0043436	P
Q8VCZ9	GO:0044238	P
Q8VCZ9	GO:0044281	P
Q8VCZ9	GO:0044282	P
Q8VCZ9	GO:0046395	P
Q8VCZ9	GO:0170033	P
Q8VCZ9	GO:0170035	P
Q8VCZ9	GO:0170041	P
Q8VCZ9	GO:0170044	P
Q8VCZ9	GO:1901605	P
Q8VCZ9	GO:1901606	P
Q8VZ17	GO:0005575	C
Q8VZ17	GO:0005622	C
Q8VZ17	GO:0005634	C
Q8VZ17	GO:0043226	C
Q8VZ17	GO:0043227	C
Q8VZ17	GO:0043229	C
Q8VZ17	GO:0043231	C
Q8VZ17	GO:0110165	C
Q8WTR4	GO:0005575	C
Q8WTR4	GO:0005886	C
Q8WTR4	GO:0008150	P
Q8WTR4	GO:0009889	P
Q8WTR4	GO:0009890	P
Q8WTR4	GO:0009892	P
Q8WTR4	GO:0010556	P
Q8WTR4	GO:0010558	P
Q8WTR4	GO:0010559	P
Q8WTR4	GO:0010561	P
Q8WTR4	GO:0010605	P
Q8WTR4	GO:0016020	C
Q8WTR4	GO:0019222	P
Q8WTR4	GO:0042984	P
Q8WTR4	GO:0042985	P
Q8WTR4	GO:0044853	C
Q8WTR4	GO:0045121	C
Q8WTR4	GO:0045595	P
Q8WTR4	GO:0045597	P
Q8WTR4	GO:0045664	P
Q8WTR4	GO:0045666	P
Q8WTR4	GO:0048518	P
Q8WTR4	GO:0048519	P
Q8WTR4	GO:0048522	P
Q8WTR4	GO:0048523	P
Q8WTR4	GO:0050789	P
Q8WTR4	GO:0050793	P
Q8WTR4	GO:0050794	P
Q8WTR4	GO:0051094	P
Q8WTR4	GO:0051246	P
Q8WTR4	GO:0051248	P
Q8WTR4	GO:0060255	P
Q8WTR4	GO:0065007	P
Q8WTR4	GO:0071944	C
Q8WTR4	GO:0080090	P
Q8WTR4	GO:0098590	C
Q8WTR4	GO:0098857	C
Q8WTR4	GO:0110165	C
Q8WTR4	GO:1902003	P
Q8WTR4	GO:1902430	P
Q8WTR4	GO:1902991	P
Q8WTR4	GO:1902992	P
Q8WTR4	GO:1903018	P
Q8WTR4	GO:1903019	P
Q8WVF2	GO:0005575	C
Q8WVF2	GO:0005622	C
Q8WVF2	GO:0005737	C
Q8WVF2	GO:0008150	P
Q8WVF2	GO:0009966	P
Q8WVF2	GO:0009968	P
Q8WVF2	GO:0010646	P
Q8WVF2	GO:0010648	P
Q8WVF2	GO:0023051	P
Q8WVF2	GO:0023057	P
Q8WVF2	GO:0048519	P
Q8WVF2	GO:0048523	P
Q8WVF2	GO:0048583	P
Q8WVF2	GO:0048585	P
Q8WVF2	GO:0050789	P
Q8WVF2	GO:0050794	P
Q8WVF2	GO:0060390	P
Q8WVF2	GO:0060392	P
Q8WVF2	GO:0065007	P
Q8WVF2	GO:0090092	P
Q8WVF2	GO:0090101	P
Q8WVF2	GO:0110165	C
Q8WVF2	GO:1902531	P
Q8WVF2	GO:1902532	P
Q8WX94	GO:0005575	C
Q8WX94	GO:0005622	C
Q8WX94	GO:0005737	C
Q8WX94	GO:0005938	C
Q8WX94	GO:0071944	C
Q8WX94	GO:0110165	C
Q8WXX7	GO:0005575	C
Q8WXX7	GO:0005622	C
Q8WXX7	GO:0005634	C
Q8WXX7	GO:0005654	C
Q8WXX7	GO:0031974	C
Q8WXX7	GO:0031981	C
Q8WXX7	GO:0043226	C
Q8WXX7	GO:0043227	C
Q8WXX7	GO:0043229	C
Q8WXX7	GO:0043231	C
Q8WXX7	GO:0043233	C
Q8WXX7	GO:0070013	C
Q8WXX7	GO:0110165	C
Q8WZ60	GO:0005575	C
Q8WZ60	GO:0005622	C
Q8WZ60	GO:0005737	C
Q8WZ60	GO:0006511	P
Q8WZ60	GO:0008150	P
Q8WZ60	GO:0008152	P
Q8WZ60	GO:0009056	P
Q8WZ60	GO:0009057	P
Q8WZ60	GO:0009987	P
Q8WZ60	GO:0010498	P
Q8WZ60	GO:0019538	P
Q8WZ60	GO:0019941	P
Q8WZ60	GO:0030163	P
Q8WZ60	GO:0043161	P
Q8WZ60	GO:0043170	P
Q8WZ60	GO:0043632	P
Q8WZ60	GO:0044238	P
Q8WZ60	GO:0110165	C
Q90X46	GO:0005575	C
Q90X46	GO:0005886	C
Q90X46	GO:0005929	C
Q90X46	GO:0016020	C
Q90X46	GO:0031090	C
Q90X46	GO:0031253	C
Q90X46	GO:0042995	C
Q90X46	GO:0043226	C
Q90X46	GO:0043227	C
Q90X46	GO:0060170	C
Q90X46	GO:0071944	C
Q90X46	GO:0097730	C
Q90X46	GO:0098588	C
Q90X46	GO:0098590	C
Q90X46	GO:0098804	C
Q90X46	GO:0110165	C
Q90X46	GO:0120025	C
Q91WD0	GO:0003674	F
Q91WD0	GO:0060090	F
Q922W5	GO:0003674	F
Q922W5	GO:0003824	F
Q922W5	GO:0004735	F
Q922W5	GO:0006082	P
Q922W5	GO:0006520	P
Q922W5	GO:0006536	P
Q922W5	GO:0006538	P
Q922W5	GO:0006541	P
Q922W5	GO:0006543	P
Q922W5	GO:0006560	P
Q922W5	GO:0008150	P
Q922W5	GO:0008152	P
Q922W5	GO:0008652	P
Q922W5	GO:0009056	P
Q922W5	GO:0009058	P
Q922W5	GO:0009063	P
Q922W5	GO:0009084	P
Q922W5	GO:0009987	P
Q922W5	GO:0016053	P
Q922W5	GO:0016054	P
Q922W5	GO:0016491	F
Q922W5	GO:0016645	F
Q922W5	GO:0016646	F
Q922W5	GO:0019752	P
Q922W5	GO:0043436	P
Q922W5	GO:0043648	P
Q922W5	GO:0043649	P
Q922W5	GO:0044238	P
Q922W5	GO:0044281	P
Q922W5	GO:0044282	P
Q922W5	GO:0044283	P
Q922W5	GO:0046394	P
Q922W5	GO:0046395	P
Q922W5	GO:0055129	P
Q922W5	GO:0170033	P
Q922W5	GO:0170034	P
Q922W5	GO:0170035	P
Q922W5	GO:0170038	P
Q922W5	GO:0170039	P
Q922W5	GO:0170040	P
Q922W5	GO:1901605	P
Q922W5	GO:1901606	P
Q922W5	GO:1901607	P
Q92399	GO:0003674	F
Q92399	GO:0003824	F
Q92399	GO:0003899	F
Q92399	GO:0016740	F
Q92399	GO:0016772	F
Q92399	GO:0016779	F
Q92399	GO:0034062	F
Q92399	GO:0097747	F
Q92399	GO:0140098	F
Q92399	GO:0140640	F
Q924A4	GO:0005575	C
Q924A4	GO:0005576	C
Q924A4	GO:0005615	C
Q924A4	GO:0110165	C
Q92563	GO:0005575	C
Q92563	GO:0005614	C
Q92563	GO:0030312	C
Q92563	GO:0031012	C
Q92563	GO:0071944	C
Q92563	GO:0110165	C
Q92563	GO:0140150	C
Q949X9	GO:0003674	F
Q949X9	GO:0003824	F
Q949X9	GO:0004322	F
Q949X9	GO:0016491	F
Q949X9	GO:0016722	F
Q949X9	GO:0016724	F
Q969V1	GO:0003674	F
Q969V1	GO:0004888	F
Q969V1	GO:0004930	F
Q969V1	GO:0005488	F
Q969V1	GO:0005515	F
Q969V1	GO:0007154	P
Q969V1	GO:0007165	P
Q969V1	GO:0007186	P
Q969V1	GO:0007200	P
Q969V1	GO:0008150	P
Q969V1	GO:0009987	P
Q969V1	GO:0016500	F
Q969V1	GO:0023052	P
Q969V1	GO:0030273	F
Q969V1	GO:0038023	F
Q969V1	GO:0050789	P
Q969V1	GO:0050794	P
Q969V1	GO:0050896	P
Q969V1	GO:0051716	P
Q969V1	GO:0060089	F
Q969V1	GO:0065007	P
Q96BZ4	GO:0002376	P
Q96BZ4	GO:0003674	F
Q96BZ4	GO:0003824	F
Q96BZ4	GO:0004518	F
Q96BZ4	GO:0004527	F
Q96BZ4	GO:0004529	F
Q96BZ4	GO:0004532	F
Q96BZ4	GO:0004534	F
Q96BZ4	GO:0004536	F
Q96BZ4	GO:0004540	F
Q96BZ4	GO:0006950	P
Q96BZ4	GO:0006952	P
Q96BZ4	GO:0006955	P
Q96BZ4	GO:0008150	P
Q96BZ4	GO:0008409	F
Q96BZ4	GO:0009605	P
Q96BZ4	GO:0009607	P
Q96BZ4	GO:0016740	F
Q96BZ4	GO:0016746	F
Q96BZ4	GO:0016747	F
Q96BZ4	GO:0016787	F
Q96BZ4	GO:0016788	F
Q96BZ4	GO:0016895	F
Q96BZ4	GO:0016896	F
Q96BZ4	GO:0035312	F
Q96BZ4	GO:0043207	P
Q96BZ4	GO:0044419	P
Q96BZ4	GO:0045087	P
Q96BZ4	GO:0050896	P
Q96BZ4	GO:0051707	P
Q96BZ4	GO:0098542	P
Q96BZ4	GO:0140097	F
Q96BZ4	GO:0140098	F
Q96BZ4	GO:0140546	P
Q96BZ4	GO:0140640	F
Q96C19	GO:0005575	C
Q96C19	GO:0006996	P
Q96C19	GO:0007010	P
Q96C19	GO:0007015	P
Q96C19	GO:0008150	P
Q96C19	GO:0009987	P
Q96C19	GO:0016043	P
Q96C19	GO:0030027	C
Q96C19	GO:0030029	P
Q96C19	GO:0030036	P
Q96C19	GO:0031252	C
Q96C19	GO:0042995	C
Q96C19	GO:0051764	P
Q96C19	GO:0071840	P
Q96C19	GO:0097435	P
Q96C19	GO:0110165	C
Q96C19	GO:0120025	C
Q96C45	GO:0005575	C
Q96C45	GO:0005929	C
Q96C45	GO:0042995	C
Q96C45	GO:0043226	C
Q96C45	GO:0043227	C
Q96C45	GO:0097542	C
Q96C45	GO:0110165	C
Q96C45	GO:0120025	C
Q96D42	GO:0006810	P
Q96D42	GO:0006897	P
Q96D42	GO:0006909	P
Q96D42	GO:0008150	P
Q96D42	GO:0009987	P
Q96D42	GO:0016192	P
Q96D42	GO:0043277	P
Q96D42	GO:0051179	P
Q96D42	GO:0051234	P
Q96D42	GO:0098657	P
Q99645	GO:0005575	C
Q99645	GO:0005614	C
Q99645	GO:0030312	C
Q99645	GO:0031012	C
Q99645	GO:0071944	C
Q99645	GO:0110165	C
Q99645	GO:0140150	C
Q99LS3	GO:0003674	F
Q99LS3	GO:0003824	F
Q99LS3	GO:0005575	C
Q99LS3	GO:0005622	C
Q99LS3	GO:0005737	C
Q99LS3	GO:0005829	C
Q99LS3	GO:0016787	F
Q99LS3	GO:0016788	F
Q99LS3	GO:0016791	F
Q99LS3	GO:0036424	F
Q99LS3	GO:0042578	F
Q99LS3	GO:0110165	C
Q99ML8	GO:0005575	C
Q99ML8	GO:0005576	C
Q99ML8	GO:0005615	C
Q99ML8	GO:0006950	P
Q99ML8	GO:0008150	P
Q99ML8	GO:0009966	P
Q99ML8	GO:0009968	P
Q99ML8	GO:0010646	P
Q99ML8	GO:0010648	P
Q99ML8	GO:0023051	P
Q99ML8	GO:0023057	P
Q99ML8	GO:0032501	P
Q99ML8	GO:0033555	P
Q99ML8	GO:0045595	P
Q99ML8	GO:0045596	P
Q99ML8	GO:0046626	P
Q99ML8	GO:0046627	P
Q99ML8	GO:0048519	P
Q99ML8	GO:0048523	P
Q99ML8	GO:0048583	P
Q99ML8	GO:0048585	P
Q99ML8	GO:0050789	P
Q99ML8	GO:0050793	P
Q99ML8	GO:0050794	P
Q99ML8	GO:0050896	P
Q99ML8	GO:0051093	P
Q99ML8	GO:0051866	P
Q99ML8	GO:0065007	P
Q99ML8	GO:0110165	C
Q99ML8	GO:1900076	P
Q99ML8	GO:1900077	P
Q99ML8	GO:2001212	P
Q99ML8	GO:2001213	P
Q9BR61	GO:0006497	P
Q9BR61	GO:0008150	P
Q9BR61	GO:0008152	P
Q9BR61	GO:0009058	P
Q9BR61	GO:0009059	P
Q9BR61	GO:0009987	P
Q9BR61	GO:0018377	P
Q9BR61	GO:0019538	P
Q9BR61	GO:0036211	P
Q9BR61	GO:0042157	P
Q9BR61	GO:0042158	P
Q9BR61	GO:0043170	P
Q9BR61	GO:0043412	P
Q9BR61	GO:0043543	P
Q9BR61	GO:0044238	P
Q9BRN9	GO:0005575	C
Q9BRN9	GO:0005622	C
Q9BRN9	GO:0005737	C
Q9BRN9	GO:0005886	C
Q9BRN9	GO:0016020	C
Q9BRN9	GO:0031410	C
Q9BRN9	GO:0031982	C
Q9BRN9	GO:0043226	C
Q9BRN9	GO:0043227	C
Q9BRN9	GO:0043229	C
Q9BRN9	GO:0043231	C
Q9BRN9	GO:0071944	C
Q9BRN9	GO:0097708	C
Q9BRN9	GO:0110165	C
Q9BWT3	GO:0006139	P
Q9BWT3	GO:0006396	P
Q9BWT3	GO:0006397	P
Q9BWT3	GO:0008150	P
Q9BWT3	GO:0008152	P
Q9BWT3	GO:0009058	P
Q9BWT3	GO:0009059	P
Q9BWT3	GO:0009987	P
Q9BWT3	GO:0010467	P
Q9BWT3	GO:0016070	P
Q9BWT3	GO:0016071	P
Q9BWT3	GO:0031123	P
Q9BWT3	GO:0031124	P
Q9BWT3	GO:0032774	P
Q9BWT3	GO:0034654	P
Q9BWT3	GO:0043170	P
Q9BWT3	GO:0044238	P
Q9BWT3	GO:0090304	P
Q9BWT3	GO:0141187	P
Q9BWT3	GO:0180010	P
Q9BWT3	GO:0180012	P
Q9BWU1	GO:0003674	F
Q9BWU1	GO:0003824	F
Q9BWU1	GO:0004672	F
Q9BWU1	GO:0004674	F
Q9BWU1	GO:0006355	P
Q9BWU1	GO:0006357	P
Q9BWU1	GO:0008150	P
Q9BWU1	GO:0009889	P
Q9BWU1	GO:0010468	P
Q9BWU1	GO:0010556	P
Q9BWU1	GO:0016301	F
Q9BWU1	GO:0016740	F
Q9BWU1	GO:0016772	F
Q9BWU1	GO:0016773	F
Q9BWU1	GO:0019219	P
Q9BWU1	GO:0019222	P
Q9BWU1	GO:0050789	P
Q9BWU1	GO:0050794	P
Q9BWU1	GO:0051252	P
Q9BWU1	GO:0060255	P
Q9BWU1	GO:0065007	P
Q9BWU1	GO:0080090	P
Q9BWU1	GO:0140096	F
Q9BWU1	GO:2001141	P
Q9BXU0	GO:0005575	C
Q9BXU0	GO:0005622	C
Q9BXU0	GO:0005813	C
Q9BXU0	GO:0005815	C
Q9BXU0	GO:0005856	C
Q9BXU0	GO:0005929	C
Q9BXU0	GO:0015630	C
Q9BXU0	GO:0036064	C
Q9BXU0	GO:0042995	C
Q9BXU0	GO:0043226	C
Q9BXU0	GO:0043227	C
Q9BXU0	GO:0043228	C
Q9BXU0	GO:0043229	C
Q9BXU0	GO:0043232	C
Q9BXU0	GO:0110165	C
Q9BXU0	GO:0120025	C
Q9CQ65	GO:0003674	F
Q9CQ65	GO:0003824	F
Q9CQ65	GO:0004731	F
Q9CQ65	GO:0016740	F
Q9CQ65	GO:0016757	F
Q9CQ65	GO:0016763	F
Q9CQ65	GO:0017061	F
Q9CXF0	GO:0003674	F
Q9CXF0	GO:0003824	F
Q9CXF0	GO:0006082	P
Q9CXF0	GO:0006520	P
Q9CXF0	GO:0008150	P
Q9CXF0	GO:0008152	P
Q9CXF0	GO:0009056	P
Q9CXF0	GO:0009063	P
Q9CXF0	GO:0009987	P
Q9CXF0	GO:0016054	P
Q9CXF0	GO:0016787	F
Q9CXF0	GO:0016822	F
Q9CXF0	GO:0016823	F
Q9CXF0	GO:0019752	P
Q9CXF0	GO:0030429	F
Q9CXF0	GO:0042180	P
Q9CXF0	GO:0042182	P
Q9CXF0	GO:0042537	P
Q9CXF0	GO:0043436	P
Q9CXF0	GO:0044238	P
Q9CXF0	GO:0044281	P
Q9CXF0	GO:0044282	P
Q9CXF0	GO:0046395	P
Q9CXF0	GO:0070189	P
Q9CXF0	GO:0097052	P
Q9CXF0	GO:0097053	P
Q9CXF0	GO:0170033	P
Q9CXF0	GO:0170035	P
Q9CXF0	GO:0170041	P
Q9CXF0	GO:0170044	P
Q9CXF0	GO:1901605	P
Q9CXF0	GO:1901606	P
Q9D3G5	GO:0003674	F
Q9D3G5	GO:0005484	F
Q9D3G5	GO:0030674	F
Q9D3G5	GO:0060090	F
Q9D3G5	GO:0140522	F
Q9D826	GO:0006082	P
Q9D826	GO:0006520	P
Q9D826	GO:0006553	P
Q9D826	GO:0008150	P
Q9D826	GO:0008152	P
Q9D826	GO:0009056	P
Q9D826	GO:0009063	P
Q9D826	GO:0009987	P
Q9D826	GO:0016054	P
Q9D826	GO:0019477	P
Q9D826	GO:0019752	P
Q9D826	GO:0043436	P
Q9D826	GO:0044238	P
Q9D826	GO:0044281	P
Q9D826	GO:0044282	P
Q9D826	GO:0046395	P
Q9D826	GO:0170033	P
Q9D826	GO:0170035	P
Q9D826	GO:0170039	P
Q9D826	GO:0170040	P
Q9D826	GO:1901605	P
Q9D826	GO:1901606	P
Q9D8B6	GO:0003674	F
Q9D8B6	GO:0030674	F
Q9D8B6	GO:0060090	F
Q9DAU7	GO:0001944	P
Q9DAU7	GO:0007275	P
Q9DAU7	GO:0008150	P
Q9DAU7	GO:0009888	P
Q9DAU7	GO:0009987	P
Q9DAU7	GO:0030154	P
Q9DAU7	GO:0030323	P
Q9DAU7	GO:0030324	P
Q9DAU7	GO:0030855	P
Q9DAU7	GO:0030856	P
Q9DAU7	GO:0030858	P
Q9DAU7	GO:0032501	P
Q9DAU7	GO:0032502	P
Q9DAU7	GO:0035295	P
Q9DAU7	GO:0045595	P
Q9DAU7	GO:0045597	P
Q9DAU7	GO:0048513	P
Q9DAU7	GO:0048518	P
Q9DAU7	GO:0048522	P
Q9DAU7	GO:0048731	P
Q9DAU7	GO:0048856	P
Q9DAU7	GO:0048869	P
Q9DAU7	GO:0050789	P
Q9DAU7	GO:0050793	P
Q9DAU7	GO:0050794	P
Q9DAU7	GO:0051094	P
Q9DAU7	GO:0051239	P
Q9DAU7	GO:0051240	P
Q9DAU7	GO:0060426	P
Q9DAU7	GO:0060428	P
Q9DAU7	GO:0060429	P
Q9DAU7	GO:0060479	P
Q9DAU7	GO:0060486	P
Q9DAU7	GO:0060487	P
Q9DAU7	GO:0060541	P
Q9DAU7	GO:0065007	P
Q9DAU7	GO:0072359	P
Q9DAU7	GO:1901246	P
Q9DAU7	GO:1901248	P
Q9DAU7	GO:1904653	P
Q9DAU7	GO:1904655	P
Q9DAU7	GO:2000026	P
Q9DBF1	GO:0003674	F
Q9DBF1	GO:0003824	F
Q9DBF1	GO:0004030	F
Q9DBF1	GO:0004043	F
Q9DBF1	GO:0016491	F
Q9DBF1	GO:0016620	F
Q9DBF1	GO:0016903	F
Q9DBG1	GO:0003674	F
Q9DBG1	GO:0003824	F
Q9DBG1	GO:0004497	F
Q9DBG1	GO:0016491	F
Q9DBG1	GO:0016705	F
Q9DBG1	GO:0016716	F
Q9DCR2	GO:0003674	F
Q9DCR2	GO:0005488	F
Q9DCR2	GO:0035651	F
Q9DCR2	GO:0044877	F
Q9DCU9	GO:0003674	F
Q9DCU9	GO:0003824	F
Q9DCU9	GO:0006082	P
Q9DCU9	GO:0006520	P
Q9DCU9	GO:0006575	P
Q9DCU9	GO:0008150	P
Q9DCU9	GO:0008152	P
Q9DCU9	GO:0008700	F
Q9DCU9	GO:0009056	P
Q9DCU9	GO:0009063	P
Q9DCU9	GO:0009987	P
Q9DCU9	GO:0016054	P
Q9DCU9	GO:0016829	F
Q9DCU9	GO:0016830	F
Q9DCU9	GO:0016833	F
Q9DCU9	GO:0019470	P
Q9DCU9	GO:0019752	P
Q9DCU9	GO:0042219	P
Q9DCU9	GO:0043436	P
Q9DCU9	GO:0044238	P
Q9DCU9	GO:0044281	P
Q9DCU9	GO:0044282	P
Q9DCU9	GO:0046395	P
Q9DCU9	GO:0170033	P
Q9DCU9	GO:0170035	P
Q9DCU9	GO:0170041	P
Q9DCU9	GO:0170044	P
Q9DCU9	GO:1901605	P
Q9DCU9	GO:1901606	P
Q9GZU5	GO:0005575	C
Q9GZU5	GO:0005614	C
Q9GZU5	GO:0030312	C
Q9GZU5	GO:0031012	C
Q9GZU5	GO:0071944	C
Q9GZU5	GO:0110165	C
Q9GZU5	GO:0140150	C
Q9GZV7	GO:0005575	C
Q9GZV7	GO:0005614	C
Q9GZV7	GO:0030312	C
Q9GZV7	GO:0031012	C
Q9GZV7	GO:0071944	C
Q9GZV7	GO:0110165	C
Q9GZV7	GO:0140150	C
Q9H3P7	GO:0006810	P
Q9H3P7	GO:0006888	P
Q9H3P7	GO:0006996	P
Q9H3P7	GO:0007030	P
Q9H3P7	GO:0008150	P
Q9H3P7	GO:0009987	P
Q9H3P7	GO:0010256	P
Q9H3P7	GO:0016043	P
Q9H3P7	GO:0016192	P
Q9H3P7	GO:0046907	P
Q9H3P7	GO:0048193	P
Q9H3P7	GO:0051179	P
Q9H3P7	GO:0051234	P
Q9H3P7	GO:0051641	P
Q9H3P7	GO:0051649	P
Q9H3P7	GO:0071840	P
Q9H5Z1	GO:0003674	F
Q9H5Z1	GO:0003676	F
Q9H5Z1	GO:0003677	F
Q9H5Z1	GO:0003690	F
Q9H5Z1	GO:0003723	F
Q9H5Z1	GO:0003725	F
Q9H5Z1	GO:0005488	F
Q9H5Z1	GO:0005515	F
Q9HA72	GO:0003674	F
Q9HA72	GO:0005488	F
Q9HA72	GO:0005515	F
Q9HA72	GO:0042802	F
Q9HBU9	GO:0002027	P
Q9HBU9	GO:0008016	P
Q9HBU9	GO:0008150	P
Q9HBU9	GO:0044057	P
Q9HBU9	GO:0050789	P
Q9HBU9	GO:0051239	P
Q9HBU9	GO:0065007	P
Q9HBU9	GO:0065008	P
Q9HBU9	GO:1903522	P
Q9HBW1	GO:0005575	C
Q9HBW1	GO:0005622	C
Q9HBW1	GO:0005737	C
Q9HBW1	GO:0005794	C
Q9HBW1	GO:0012505	C
Q9HBW1	GO:0043226	C
Q9HBW1	GO:0043227	C
Q9HBW1	GO:0043229	C
Q9HBW1	GO:0043231	C
Q9HBW1	GO:0110165	C
Q9HFE5	GO:0003674	F
Q9HFE5	GO:0030674	F
Q9HFE5	GO:0035615	F
Q9HFE5	GO:0060090	F
Q9HFE5	GO:0140312	F
Q9JKC8	GO:0003674	F
Q9JKC8	GO:0005488	F
Q9JKC8	GO:0035651	F
Q9JKC8	GO:0044877	F
Q9JME5	GO:0003674	F
Q9JME5	GO:0005488	F
Q9JME5	GO:0035651	F
Q9JME5	GO:0044877	F
Q9LFR1	GO:0005575	C
Q9LFR1	GO:0005622	C
Q9LFR1	GO:0005737	C
Q9LFR1	GO:0005794	C
Q9LFR1	GO:0012505	C
Q9LFR1	GO:0043226	C
Q9LFR1	GO:0043227	C
Q9LFR1	GO:0043229	C
Q9LFR1	GO:0043231	C
Q9LFR1	GO:0110165	C
Q9LIQ6	GO:0003674	F
Q9LIQ6	GO:0005488	F
Q9LIQ6	GO:0005515	F
Q9LIQ6	GO:0030674	F
Q9LIQ6	GO:0060090	F
Q9LIQ6	GO:0140002	F
Q9LIQ6	GO:0140006	F
Q9LIQ6	GO:0140463	F
Q9LIQ6	GO:0140566	F
Q9LN62	GO:0003674	F
Q9LN62	GO:0003824	F
Q9LN62	GO:0016740	F
Q9LN62	GO:0016757	F
Q9LN62	GO:0016763	F
Q9LN62	GO:0052636	F
Q9LPV4	GO:0000325	C
Q9LPV4	GO:0005575	C
Q9LPV4	GO:0005622	C
Q9LPV4	GO:0005737	C
Q9LPV4	GO:0005773	C
Q9LPV4	GO:0005774	C
Q9LPV4	GO:0009705	C
Q9LPV4	GO:0016020	C
Q9LPV4	GO:0031090	C
Q9LPV4	GO:0043226	C
Q9LPV4	GO:0043227	C
Q9LPV4	GO:0043229	C
Q9LPV4	GO:0043231	C
Q9LPV4	GO:0098588	C
Q9LPV4	GO:0110165	C
Q9LS39	GO:0003674	F
Q9LS39	GO:0003824	F
Q9LS39	GO:0016787	F
Q9LS39	GO:0016788	F
Q9LS39	GO:0016791	F
Q9LS39	GO:0042578	F
Q9LU85	GO:0003674	F
Q9LU85	GO:0005488	F
Q9LU85	GO:0005543	F
Q9LU85	GO:0008289	F
Q9LU85	GO:0019992	F
Q9LU85	GO:0036094	F
Q9LU85	GO:0043167	F
Q9LU85	GO:0043168	F
Q9LU85	GO:0070300	F
Q9LZF1	GO:0005575	C
Q9LZF1	GO:0005622	C
Q9LZF1	GO:0005634	C
Q9LZF1	GO:0005737	C
Q9LZF1	GO:0005886	C
Q9LZF1	GO:0016020	C
Q9LZF1	GO:0043226	C
Q9LZF1	GO:0043227	C
Q9LZF1	GO:0043229	C
Q9LZF1	GO:0043231	C
Q9LZF1	GO:0071944	C
Q9LZF1	GO:0110165	C
Q9M2J9	GO:0000902	P
Q9M2J9	GO:0003006	P
Q9M2J9	GO:0008150	P
Q9M2J9	GO:0009653	P
Q9M2J9	GO:0009826	P
Q9M2J9	GO:0009856	P
Q9M2J9	GO:0009860	P
Q9M2J9	GO:0009932	P
Q9M2J9	GO:0009987	P
Q9M2J9	GO:0016049	P
Q9M2J9	GO:0022414	P
Q9M2J9	GO:0030154	P
Q9M2J9	GO:0032501	P
Q9M2J9	GO:0032502	P
Q9M2J9	GO:0040007	P
Q9M2J9	GO:0044706	P
Q9M2J9	GO:0048468	P
Q9M2J9	GO:0048588	P
Q9M2J9	GO:0048589	P
Q9M2J9	GO:0048856	P
Q9M2J9	GO:0048868	P
Q9M2J9	GO:0048869	P
Q9M2J9	GO:0060560	P
Q9M9X0	GO:0003674	F
Q9M9X0	GO:0005488	F
Q9M9X0	GO:0005515	F
Q9M9X0	GO:0019904	F
Q9M9X0	GO:0030275	F
Q9NQ36	GO:0008150	P
Q9NQ36	GO:0008589	P
Q9NQ36	GO:0009966	P
Q9NQ36	GO:0009967	P
Q9NQ36	GO:0010646	P
Q9NQ36	GO:0010647	P
Q9NQ36	GO:0023051	P
Q9NQ36	GO:0023056	P
Q9NQ36	GO:0045880	P
Q9NQ36	GO:0048518	P
Q9NQ36	GO:0048522	P
Q9NQ36	GO:0048583	P
Q9NQ36	GO:0048584	P
Q9NQ36	GO:0050789	P
Q9NQ36	GO:0050794	P
Q9NQ36	GO:0065007	P
Q9P3U7	GO:0006810	P
Q9P3U7	GO:0008150	P
Q9P3U7	GO:0008643	P
Q9P3U7	GO:0009987	P
Q9P3U7	GO:0034219	P
Q9P3U7	GO:0051179	P
Q9P3U7	GO:0051234	P
Q9P3U7	GO:0055085	P
Q9P7X8	GO:0003674	F
Q9P7X8	GO:0003824	F
Q9P7X8	GO:0003899	F
Q9P7X8	GO:0016740	F
Q9P7X8	GO:0016772	F
Q9P7X8	GO:0016779	F
Q9P7X8	GO:0034062	F
Q9P7X8	GO:0097747	F
Q9P7X8	GO:0140098	F
Q9P7X8	GO:0140640	F
Q9SF15	GO:0005575	C
Q9SF15	GO:0005622	C
Q9SF15	GO:0005634	C
Q9SF15	GO:0043226	C
Q9SF15	GO:0043227	C
Q9SF15	GO:0043229	C
Q9SF15	GO:0043231	C
Q9SF15	GO:0110165	C
Q9SFX3	GO:0006487	P
Q9SFX3	GO:0008150	P
Q9SFX3	GO:0008152	P
Q9SFX3	GO:0009058	P
Q9SFX3	GO:0009059	P
Q9SFX3	GO:0009100	P
Q9SFX3	GO:0009101	P
Q9SFX3	GO:0009987	P
Q9SFX3	GO:0019538	P
Q9SFX3	GO:0043170	P
Q9SFX3	GO:0044238	P
Q9SFX3	GO:1901135	P
Q9SFX3	GO:1901137	P
Q9SI62	GO:0006487	P
Q9SI62	GO:0008150	P
Q9SI62	GO:0008152	P
Q9SI62	GO:0009058	P
Q9SI62	GO:0009059	P
Q9SI62	GO:0009100	P
Q9SI62	GO:0009101	P
Q9SI62	GO:0009987	P
Q9SI62	GO:0019538	P
Q9SI62	GO:0043170	P
Q9SI62	GO:0044238	P
Q9SI62	GO:1901135	P
Q9SI62	GO:1901137	P
Q9UJJ7	GO:0001522	P
Q9UJJ7	GO:0006139	P
Q9UJJ7	GO:0006396	P
Q9UJJ7	GO:0006399	P
Q9UJJ7	GO:0006400	P
Q9UJJ7	GO:0008033	P
Q9UJJ7	GO:0008150	P
Q9UJJ7	GO:0008152	P
Q9UJJ7	GO:0009058	P
Q9UJJ7	GO:0009059	P
Q9UJJ7	GO:0009451	P
Q9UJJ7	GO:0009987	P
Q9UJJ7	GO:0010467	P
Q9UJJ7	GO:0016070	P
Q9UJJ7	GO:0031119	P
Q9UJJ7	GO:0032774	P
Q9UJJ7	GO:0034654	P
Q9UJJ7	GO:0043170	P
Q9UJJ7	GO:0043412	P
Q9UJJ7	GO:0044238	P
Q9UJJ7	GO:0090304	P
Q9UJJ7	GO:0141187	P
Q9UQY9	GO:0003674	F
Q9UQY9	GO:0003824	F
Q9UQY9	GO:0004672	F
Q9UQY9	GO:0005488	F
Q9UQY9	GO:0005515	F
Q9UQY9	GO:0016301	F
Q9UQY9	GO:0016740	F
Q9UQY9	GO:0016772	F
Q9UQY9	GO:0016773	F
Q9UQY9	GO:0106310	F
Q9UQY9	GO:0140096	F
Q9US04	GO:0006575	P
Q9US04	GO:0006749	P
Q9US04	GO:0006751	P
Q9US04	GO:0006790	P
Q9US04	GO:0008150	P
Q9US04	GO:0008152	P
Q9US04	GO:0009056	P
Q9US04	GO:0009987	P
Q9US04	GO:0042219	P
Q9US04	GO:0044273	P
Q9US28	GO:0000096	P
Q9US28	GO:0000097	P
Q9US28	GO:0006082	P
Q9US28	GO:0006520	P
Q9US28	GO:0006555	P
Q9US28	GO:0006790	P
Q9US28	GO:0008150	P
Q9US28	GO:0008152	P
Q9US28	GO:0008652	P
Q9US28	GO:0009058	P
Q9US28	GO:0009067	P
Q9US28	GO:0009987	P
Q9US28	GO:0016053	P
Q9US28	GO:0019752	P
Q9US28	GO:0043436	P
Q9US28	GO:0044238	P
Q9US28	GO:0044272	P
Q9US28	GO:0044281	P
Q9US28	GO:0044283	P
Q9US28	GO:0046394	P
Q9US28	GO:0071265	P
Q9US28	GO:0071266	P
Q9US28	GO:0170033	P
Q9US28	GO:0170034	P
Q9US28	GO:0170038	P
Q9US28	GO:0170039	P
Q9US28	GO:1901605	P
Q9US28	GO:1901607	P
Q9USG8	GO:0007009	P
Q9USG8	GO:0008150	P
Q9USG8	GO:0009987	P
Q9USG8	GO:0010256	P
Q9USG8	GO:0016043	P
Q9USG8	GO:0061024	P
Q9USG8	GO:0071840	P
Q9USJ5	GO:0006778	P
Q9USJ5	GO:0006779	P
Q9USJ5	GO:0006782	P
Q9USJ5	GO:0006783	P
Q9USJ5	GO:0008150	P
Q9USJ5	GO:0008152	P
Q9USJ5	GO:0009058	P
Q9USJ5	GO:0009987	P
Q9USJ5	GO:0033013	P
Q9USJ5	GO:0033014	P
Q9USJ5	GO:0042168	P
Q9USJ5	GO:0042440	P
Q9USJ5	GO:0046148	P
Q9USJ5	GO:0046501	P
Q9USN5	GO:0005575	C
Q9USN5	GO:0005622	C
Q9USN5	GO:0005737	C
Q9USN5	GO:0005739	C
Q9USN5	GO:0005759	C
Q9USN5	GO:0031974	C
Q9USN5	GO:0043226	C
Q9USN5	GO:0043227	C
Q9USN5	GO:0043229	C
Q9USN5	GO:0043231	C
Q9USN5	GO:0043233	C
Q9USN5	GO:0070013	C
Q9USN5	GO:0110165	C
Q9USS0	GO:0006139	P
Q9USS0	GO:0006163	P
Q9USS0	GO:0006164	P
Q9USS0	GO:0006753	P
Q9USS0	GO:0006793	P
Q9USS0	GO:0006796	P
Q9USS0	GO:0008150	P
Q9USS0	GO:0008152	P
Q9USS0	GO:0009058	P
Q9USS0	GO:0009117	P
Q9USS0	GO:0009165	P
Q9USS0	GO:0009435	P
Q9USS0	GO:0009987	P
Q9USS0	GO:0019359	P
Q9USS0	GO:0019363	P
Q9USS0	GO:0019365	P
Q9USS0	GO:0019637	P
Q9USS0	GO:0019674	P
Q9USS0	GO:0032261	P
Q9USS0	GO:0034355	P
Q9USS0	GO:0034654	P
Q9USS0	GO:0043094	P
Q9USS0	GO:0043101	P
Q9USS0	GO:0043173	P
Q9USS0	GO:0044238	P
Q9USS0	GO:0044281	P
Q9USS0	GO:0046496	P
Q9USS0	GO:0055086	P
Q9USS0	GO:0072521	P
Q9USS0	GO:0072522	P
Q9USS0	GO:0072524	P
Q9USS0	GO:0072525	P
Q9USS0	GO:0090407	P
Q9USS0	GO:1901293	P
Q9UT50	GO:0003674	F
Q9UT50	GO:0030674	F
Q9UT50	GO:0043495	F
Q9UT50	GO:0060090	F
Q9UTD0	GO:0006575	P
Q9UTD0	GO:0006760	P
Q9UTD0	GO:0008150	P
Q9UTD0	GO:0008152	P
Q9UTD0	GO:0009058	P
Q9UTD0	GO:0009396	P
Q9UTD0	GO:0009987	P
Q9UTD0	GO:0042398	P
Q9UTD0	GO:0042558	P
Q9UTD0	GO:0042559	P
Q9UTD0	GO:0046900	P
Q9UTD0	GO:0046901	P
Q9UTL1	GO:0000301	P
Q9UTL1	GO:0006810	P
Q9UTL1	GO:0006891	P
Q9UTL1	GO:0008150	P
Q9UTL1	GO:0009987	P
Q9UTL1	GO:0016192	P
Q9UTL1	GO:0048193	P
Q9UTL1	GO:0051179	P
Q9UTL1	GO:0051234	P
Q9UUF7	GO:0006810	P
Q9UUF7	GO:0006890	P
Q9UUF7	GO:0008150	P
Q9UUF7	GO:0009987	P
Q9UUF7	GO:0016192	P
Q9UUF7	GO:0048193	P
Q9UUF7	GO:0051179	P
Q9UUF7	GO:0051234	P
Q9UUI5	GO:0003674	F
Q9UUI5	GO:0030674	F
Q9UUI5	GO:0060090	F
Q9UUI5	GO:0140312	F
Q9VCR7	GO:0000101	P
Q9VCR7	GO:0000323	C
Q9VCR7	GO:0003333	P
Q9VCR7	GO:0005575	C
Q9VCR7	GO:0005622	C
Q9VCR7	GO:0005737	C
Q9VCR7	GO:0005764	C
Q9VCR7	GO:0005765	C
Q9VCR7	GO:0005773	C
Q9VCR7	GO:0005774	C
Q9VCR7	GO:0006810	P
Q9VCR7	GO:0006865	P
Q9VCR7	GO:0007034	P
Q9VCR7	GO:0007041	P
Q9VCR7	GO:0008150	P
Q9VCR7	GO:0009987	P
Q9VCR7	GO:0015711	P
Q9VCR7	GO:0015804	P
Q9VCR7	GO:0015807	P
Q9VCR7	GO:0015811	P
Q9VCR7	GO:0015849	P
Q9VCR7	GO:0016020	C
Q9VCR7	GO:0031090	C
Q9VCR7	GO:0032974	P
Q9VCR7	GO:0034486	P
Q9VCR7	GO:0034489	P
Q9VCR7	GO:0043226	C
Q9VCR7	GO:0043227	C
Q9VCR7	GO:0043229	C
Q9VCR7	GO:0043231	C
Q9VCR7	GO:0046907	P
Q9VCR7	GO:0046942	P
Q9VCR7	GO:0051179	P
Q9VCR7	GO:0051234	P
Q9VCR7	GO:0051641	P
Q9VCR7	GO:0051649	P
Q9VCR7	GO:0055085	P
Q9VCR7	GO:0071705	P
Q9VCR7	GO:0072337	P
Q9VCR7	GO:0072348	P
Q9VCR7	GO:0098588	C
Q9VCR7	GO:0098852	C
Q9VCR7	GO:0110165	C
Q9VCR7	GO:0170063	P
Q9VCR7	GO:1902475	P
Q9VCR7	GO:1904919	P
Q9VCR7	GO:1905039	P
Q9VJ26	GO:0003674	F
Q9VJ26	GO:0003779	F
Q9VJ26	GO:0005488	F
Q9VJ26	GO:0005515	F
Q9VJ26	GO:0008092	F
Q9VJ26	GO:0044877	F
Q9VJ26	GO:0051015	F
Q9VJ26	GO:0061891	F
Q9VJ26	GO:0098772	F
Q9VJ26	GO:0140299	F
Q9VJ26	GO:0140784	F
Q9VJB6	GO:0005575	C
Q9VJB6	GO:0005886	C
Q9VJB6	GO:0016020	C
Q9VJB6	GO:0071944	C
Q9VJB6	GO:0110165	C
Q9WU79	GO:0003674	F
Q9WU79	GO:0003824	F
Q9WU79	GO:0004657	F
Q9WU79	GO:0006082	P
Q9WU79	GO:0006520	P
Q9WU79	GO:0006560	P
Q9WU79	GO:0006562	P
Q9WU79	GO:0008150	P
Q9WU79	GO:0008152	P
Q9WU79	GO:0009056	P
Q9WU79	GO:0009063	P
Q9WU79	GO:0009987	P
Q9WU79	GO:0016054	P
Q9WU79	GO:0016491	F
Q9WU79	GO:0016645	F
Q9WU79	GO:0016649	F
Q9WU79	GO:0019752	P
Q9WU79	GO:0043436	P
Q9WU79	GO:0044238	P
Q9WU79	GO:0044281	P
Q9WU79	GO:0044282	P
Q9WU79	GO:0046395	P
Q9WU79	GO:0170033	P
Q9WU79	GO:0170035	P
Q9WU79	GO:0170039	P
Q9WU79	GO:0170040	P
Q9WU79	GO:1901605	P
Q9WU79	GO:1901606	P
Q9WVM8	GO:0003674	F
Q9WVM8	GO:0003824	F
Q9WVM8	GO:0006082	P
Q9WVM8	GO:0006520	P
Q9WVM8	GO:0006553	P
Q9WVM8	GO:0008150	P
Q9WVM8	GO:0008152	P
Q9WVM8	GO:0008483	F
Q9WVM8	GO:0009056	P
Q9WVM8	GO:0009063	P
Q9WVM8	GO:0009987	P
Q9WVM8	GO:0016054	P
Q9WVM8	GO:0016740	F
Q9WVM8	GO:0016769	F
Q9WVM8	GO:0019477	P
Q9WVM8	GO:0019752	P
Q9WVM8	GO:0043436	P
Q9WVM8	GO:0044238	P
Q9WVM8	GO:0044281	P
Q9WVM8	GO:0044282	P
Q9WVM8	GO:0046395	P
Q9WVM8	GO:0047536	F
Q9WVM8	GO:0170033	P
Q9WVM8	GO:0170035	P
Q9WVM8	GO:0170039	P
Q9WVM8	GO:0170040	P
Q9WVM8	GO:1901605	P
Q9WVM8	GO:1901606	P
Q9XF19	GO:0005575	C
Q9XF19	GO:0005622	C
Q9XF19	GO:0005737	C
Q9XF19	GO:0005829	C
Q9XF19	GO:0110165	C
Q9XYU1	GO:0003674	F
Q9XYU1	GO:0003678	F
Q9XYU1	GO:0003824	F
Q9XYU1	GO:0004386	F
Q9XYU1	GO:0005488	F
Q9XYU1	GO:0005515	F
Q9XYU1	GO:0008094	F
Q9XYU1	GO:0016853	F
Q9XYU1	GO:0043138	F
Q9XYU1	GO:0120543	F
Q9XYU1	GO:0120545	F
Q9XYU1	GO:0140097	F
Q9XYU1	GO:0140640	F
Q9XYU1	GO:0140657	F
Q9Y2B5	GO:0003674	F
Q9Y2B5	GO:0005488	F
Q9Y2B5	GO:0005515	F
Q9Y2B5	GO:0042802	F
Q9Y2I1	GO:0003674	F
Q9Y2I1	GO:0005488	F
Q9Y2I1	GO:0005515	F
Q9Y2I1	GO:0042802	F
Q9Y2V3	GO:0005575	C
Q9Y2V3	GO:0005622	C
Q9Y2V3	GO:0005634	C
Q9Y2V3	GO:0043226	C
Q9Y2V3	GO:0043227	C
Q9Y2V3	GO:0043229	C
Q9Y2V3	GO:0043231	C
Q9Y2V3	GO:0110165	C
Q9Y2W3	GO:0000323	C
Q9Y2W3	GO:0005575	C
Q9Y2W3	GO:0005622	C
Q9Y2W3	GO:0005737	C
Q9Y2W3	GO:0005764	C
Q9Y2W3	GO:0005765	C
Q9Y2W3	GO:0005773	C
Q9Y2W3	GO:0005774	C
Q9Y2W3	GO:0016020	C
Q9Y2W3	GO:0031090	C
Q9Y2W3	GO:0043226	C
Q9Y2W3	GO:0043227	C
Q9Y2W3	GO:0043229	C
Q9Y2W3	GO:0043231	C
Q9Y2W3	GO:0098588	C
Q9Y2W3	GO:0098852	C
Q9Y2W3	GO:0110165	C
Q9Y4D1	GO:0003674	F
Q9Y4D1	GO:0005488	F
Q9Y4D1	GO:0005515	F
Q9Y4D1	GO:0042802	F
Q9Y5Q3	GO:0003674	F
Q9Y5Q3	GO:0005488	F
Q9Y5Q3	GO:0005515	F
Q9Y5Q3	GO:0042802	F
Q9Y7J1	GO:0003674	F
Q9Y7J1	GO:0005488	F
Q9Y7J1	GO:0005515	F
Q9Y7J1	GO:0008047	F
Q9Y7J1	GO:0019207	F
Q9Y7J1	GO:0019209	F
Q9Y7J1	GO:0019887	F
Q9Y7J1	GO:0030234	F
Q9Y7J1	GO:0030295	F
Q9Y7J1	GO:0043539	F
Q9Y7J1	GO:0098772	F
Q9Y7J1	GO:0140677	F
Q9Y7Z4	GO:0000301	P
Q9Y7Z4	GO:0006810	P
Q9Y7Z4	GO:0006891	P
Q9Y7Z4	GO:0008150	P
Q9Y7Z4	GO:0009987	P
Q9Y7Z4	GO:0016192	P
Q9Y7Z4	GO:0048193	P
Q9Y7Z4	GO:0051179	P
Q9Y7Z4	GO:0051234	P
Q9Z0E3	GO:0003674	F
Q9Z0E3	GO:0005488	F
Q9Z0E3	GO:0005515	F
Q9Z0E3	GO:0042802	F
Q9Z1T1	GO:0003674	F
Q9Z1T1	GO:0005488	F
Q9Z1T1	GO:0035651	F
Q9Z1T1	GO:0044877	F
Q9Z1T4	GO:0003674	F
Q9Z1T4	GO:0005488	F
Q9Z1T4	GO:0005515	F
Q9Z1T4	GO:0042802	F
Q9Z200	GO:0003674	F
Q9Z200	GO:0005488	F
Q9Z200	GO:0005515	F
Q9Z200	GO:0042802	F
Q9Z2B3	GO:0001523	P
Q9Z2B3	GO:0006629	P
Q9Z2B3	GO:0006720	P
Q9Z2B3	GO:0006721	P
Q9Z2B3	GO:0008150	P
Q9Z2B3	GO:0008152	P
Q9Z2B3	GO:0009987	P
Q9Z2B3	GO:0016101	P
Q9Z2B3	GO:0044238	P
Q9ZUA0	GO:0006487	P
Q9ZUA0	GO:0008150	P
Q9ZUA0	GO:0008152	P
Q9ZUA0	GO:0009058	P
Q9ZUA0	GO:0009059	P
Q9ZUA0	GO:0009100	P
Q9ZUA0	GO:0009101	P
Q9ZUA0	GO:0009987	P
Q9ZUA0	GO:0019538	P
Q9ZUA0	GO:0043170	P
Q9ZUA0	GO:0044238	P
Q9ZUA0	GO:1901135	P
Q9ZUA0	GO:1901137	P
